-- phpMyAdmin SQL Dump
-- version 5.0.3
-- https://www.phpmyadmin.net/
--
-- Host: 127.0.0.1
-- Generation Time: Jun 05, 2021 at 03:36 PM
-- Server version: 10.4.14-MariaDB
-- PHP Version: 7.4.11

SET SQL_MODE = "NO_AUTO_VALUE_ON_ZERO";
START TRANSACTION;
SET time_zone = "+00:00";


/*!40101 SET @OLD_CHARACTER_SET_CLIENT=@@CHARACTER_SET_CLIENT */;
/*!40101 SET @OLD_CHARACTER_SET_RESULTS=@@CHARACTER_SET_RESULTS */;
/*!40101 SET @OLD_COLLATION_CONNECTION=@@COLLATION_CONNECTION */;
/*!40101 SET NAMES utf8mb4 */;

--
-- Database: `eapi`
--

-- --------------------------------------------------------

--
-- Table structure for table `migrations`
--

CREATE TABLE `migrations` (
  `id` int(10) UNSIGNED NOT NULL,
  `migration` varchar(255) COLLATE utf8mb4_unicode_ci NOT NULL,
  `batch` int(11) NOT NULL
) ENGINE=InnoDB DEFAULT CHARSET=utf8mb4 COLLATE=utf8mb4_unicode_ci;

--
-- Dumping data for table `migrations`
--

INSERT INTO `migrations` (`id`, `migration`, `batch`) VALUES
(13, '2014_10_12_000000_create_users_table', 1),
(14, '2014_10_12_100000_create_password_resets_table', 1),
(15, '2021_05_30_134239_create_products_table', 1),
(16, '2021_05_30_140649_create_reviews_table', 1),
(17, '2016_06_01_000001_create_oauth_auth_codes_table', 2),
(18, '2016_06_01_000002_create_oauth_access_tokens_table', 2),
(19, '2016_06_01_000003_create_oauth_refresh_tokens_table', 2),
(20, '2016_06_01_000004_create_oauth_clients_table', 2),
(21, '2016_06_01_000005_create_oauth_personal_access_clients_table', 2);

-- --------------------------------------------------------

--
-- Table structure for table `oauth_access_tokens`
--

CREATE TABLE `oauth_access_tokens` (
  `id` varchar(100) COLLATE utf8mb4_unicode_ci NOT NULL,
  `user_id` int(11) DEFAULT NULL,
  `client_id` int(11) NOT NULL,
  `name` varchar(255) COLLATE utf8mb4_unicode_ci DEFAULT NULL,
  `scopes` text COLLATE utf8mb4_unicode_ci DEFAULT NULL,
  `revoked` tinyint(1) NOT NULL,
  `created_at` timestamp NULL DEFAULT NULL,
  `updated_at` timestamp NULL DEFAULT NULL,
  `expires_at` datetime DEFAULT NULL
) ENGINE=InnoDB DEFAULT CHARSET=utf8mb4 COLLATE=utf8mb4_unicode_ci;

--
-- Dumping data for table `oauth_access_tokens`
--

INSERT INTO `oauth_access_tokens` (`id`, `user_id`, `client_id`, `name`, `scopes`, `revoked`, `created_at`, `updated_at`, `expires_at`) VALUES
('118f6a506415e5d32fb6fd6990846abfdfbb9ce90aae38b09a262843a685aa9ef6857e574845c6e4', 1, 2, NULL, '[]', 0, '2021-06-05 12:23:26', '2021-06-05 12:23:26', '2022-06-05 13:23:26'),
('147f7d417da33e3490c2d1aacc20cada13beddf17276c164481be35214cc8130e53bdbf45d34dfc9', 1, 2, NULL, '[]', 0, '2021-06-05 12:34:12', '2021-06-05 12:34:12', '2022-06-05 13:34:12'),
('14817b9aef8ba61ad61af4f775be9197c30ddbc9f7d689539ce538446c0e69191ec753ce9451a15e', 1, 2, NULL, '[]', 0, '2021-06-05 12:20:02', '2021-06-05 12:20:02', '2022-06-05 13:20:02'),
('2d4367da8911f66898d567d2ac1d6b9a420c2a714a4c4797722341cf7badf6cecfd8e06705a9d7c4', 1, 2, NULL, '[]', 0, '2021-06-05 10:20:17', '2021-06-05 10:20:17', '2022-06-05 11:20:17'),
('3b1b706391a1ac9a403c57ee07e8596774bcc4a8b0bc02fca68175700b3bd67f474b50b1af9206fd', 1, 2, NULL, '[]', 0, '2021-06-05 10:35:28', '2021-06-05 10:35:28', '2022-06-05 11:35:28'),
('40549cea4e4a342b4eb426141136435555b2c14d117f6d05f2a9fe84e6f1d8b07e1313820e54ca0e', 1, 2, NULL, '[]', 0, '2021-06-05 10:29:12', '2021-06-05 10:29:12', '2022-06-05 11:29:12'),
('4f20aeec66df9e8a99a3c1699d95d98abbed0bb6d3f589f5e0cbdc01c209b14d8f956b9ecf61f765', 1, 2, NULL, '[]', 0, '2021-06-05 10:37:52', '2021-06-05 10:37:52', '2022-06-05 11:37:52'),
('68fe72aa1a7e8b521ca2516bdd1850c79f9e4cade8a2c2a2bd5c3772f2b9933b3b1d092599f11b6e', 1, 2, NULL, '[]', 0, '2021-06-05 10:29:41', '2021-06-05 10:29:41', '2022-06-05 11:29:41'),
('6cbd11f5b79c5fd8fe5e365bf23913d3accf70fc917e0dcc5183ff0e331d257bee6ffa6f61cea4bd', 1, 2, NULL, '[]', 0, '2021-06-05 10:29:05', '2021-06-05 10:29:05', '2022-06-05 11:29:05'),
('972f932ef52a92f6a232a29d2318a898a2a0d175d5aab1c2aba23546ab480a5d471471640dd73737', 1, 2, NULL, '[]', 0, '2021-06-05 10:30:07', '2021-06-05 10:30:07', '2022-06-05 11:30:07'),
('a4f35e74a3c297be387b207bd2b1e285af2c76d90584583768e2745477ee65f214a341f45f60ca4e', 1, 2, NULL, '[]', 0, '2021-06-05 12:23:48', '2021-06-05 12:23:48', '2022-06-05 13:23:48'),
('b769e802df48d2db3b60da4a3e711b4b8b79d87ee22497099ca0d9b1e3a0ac1d20f83423258754d1', 1, 2, NULL, '[]', 0, '2021-06-05 10:28:10', '2021-06-05 10:28:10', '2022-06-05 11:28:10'),
('d232d135c07963ea9c7c82aeb1ef7c45ee86347c79a9f4b40f94cd5936024b4d1e67ce6bdda3df94', 1, 2, NULL, '[]', 0, '2021-06-05 10:29:00', '2021-06-05 10:29:00', '2022-06-05 11:29:00'),
('d49cf8622e111e800670e47902265a0304bc9436dbcfdaa45e7a357c4c296e138b0d170cfeb4aa92', 1, 2, NULL, '[]', 0, '2021-06-05 10:34:22', '2021-06-05 10:34:22', '2022-06-05 11:34:22'),
('f0adc309402f7741325d6608f3b7fcc9f198143c3b67bb018947079e6eeb19f98fe4cf089b042f4b', 1, 2, NULL, '[]', 0, '2021-06-05 10:16:00', '2021-06-05 10:16:00', '2022-06-05 11:16:00');

-- --------------------------------------------------------

--
-- Table structure for table `oauth_auth_codes`
--

CREATE TABLE `oauth_auth_codes` (
  `id` varchar(100) COLLATE utf8mb4_unicode_ci NOT NULL,
  `user_id` int(11) NOT NULL,
  `client_id` int(11) NOT NULL,
  `scopes` text COLLATE utf8mb4_unicode_ci DEFAULT NULL,
  `revoked` tinyint(1) NOT NULL,
  `expires_at` datetime DEFAULT NULL
) ENGINE=InnoDB DEFAULT CHARSET=utf8mb4 COLLATE=utf8mb4_unicode_ci;

-- --------------------------------------------------------

--
-- Table structure for table `oauth_clients`
--

CREATE TABLE `oauth_clients` (
  `id` int(10) UNSIGNED NOT NULL,
  `user_id` int(11) DEFAULT NULL,
  `name` varchar(255) COLLATE utf8mb4_unicode_ci NOT NULL,
  `secret` varchar(100) COLLATE utf8mb4_unicode_ci NOT NULL,
  `redirect` text COLLATE utf8mb4_unicode_ci NOT NULL,
  `personal_access_client` tinyint(1) NOT NULL,
  `password_client` tinyint(1) NOT NULL,
  `revoked` tinyint(1) NOT NULL,
  `created_at` timestamp NULL DEFAULT NULL,
  `updated_at` timestamp NULL DEFAULT NULL
) ENGINE=InnoDB DEFAULT CHARSET=utf8mb4 COLLATE=utf8mb4_unicode_ci;

--
-- Dumping data for table `oauth_clients`
--

INSERT INTO `oauth_clients` (`id`, `user_id`, `name`, `secret`, `redirect`, `personal_access_client`, `password_client`, `revoked`, `created_at`, `updated_at`) VALUES
(1, NULL, 'Laravel Personal Access Client', 'IRWnEk2Hg4fry15o46EXkIsJ3U5zHxqVHN4zEWF5', 'http://localhost', 1, 0, 0, '2021-06-05 09:53:42', '2021-06-05 09:53:42'),
(2, 1, 'Laravel Password Grant Client', 'k2iFX1woDA1JsH32ICtK27WpIKW5SfirgdWSSQvY', 'http://localhost', 0, 1, 0, '2021-06-05 09:53:42', '2021-06-05 09:53:42');

-- --------------------------------------------------------

--
-- Table structure for table `oauth_personal_access_clients`
--

CREATE TABLE `oauth_personal_access_clients` (
  `id` int(10) UNSIGNED NOT NULL,
  `client_id` int(11) NOT NULL,
  `created_at` timestamp NULL DEFAULT NULL,
  `updated_at` timestamp NULL DEFAULT NULL
) ENGINE=InnoDB DEFAULT CHARSET=utf8mb4 COLLATE=utf8mb4_unicode_ci;

--
-- Dumping data for table `oauth_personal_access_clients`
--

INSERT INTO `oauth_personal_access_clients` (`id`, `client_id`, `created_at`, `updated_at`) VALUES
(1, 1, '2021-06-05 09:53:42', '2021-06-05 09:53:42');

-- --------------------------------------------------------

--
-- Table structure for table `oauth_refresh_tokens`
--

CREATE TABLE `oauth_refresh_tokens` (
  `id` varchar(100) COLLATE utf8mb4_unicode_ci NOT NULL,
  `access_token_id` varchar(100) COLLATE utf8mb4_unicode_ci NOT NULL,
  `revoked` tinyint(1) NOT NULL,
  `expires_at` datetime DEFAULT NULL
) ENGINE=InnoDB DEFAULT CHARSET=utf8mb4 COLLATE=utf8mb4_unicode_ci;

--
-- Dumping data for table `oauth_refresh_tokens`
--

INSERT INTO `oauth_refresh_tokens` (`id`, `access_token_id`, `revoked`, `expires_at`) VALUES
('0a80ec89927ec88ba27df4eeee8c4cea81231dac3736fb97280a60221cbd9036b3a9dc47921bc016', '972f932ef52a92f6a232a29d2318a898a2a0d175d5aab1c2aba23546ab480a5d471471640dd73737', 0, '2022-06-05 11:30:07'),
('0e5ead14b7b2bc8e25db6aa7c7d049733e3d334f9df1d390170a7c3b920a85eb849864e1fba8ff98', '2d4367da8911f66898d567d2ac1d6b9a420c2a714a4c4797722341cf7badf6cecfd8e06705a9d7c4', 0, '2022-06-05 11:20:17'),
('201ffbdd5c503e9e8672c57f030f090609c9718d865ea70f07b719df12ff48ea0122bedf7ffbac7f', '4f20aeec66df9e8a99a3c1699d95d98abbed0bb6d3f589f5e0cbdc01c209b14d8f956b9ecf61f765', 0, '2022-06-05 11:37:52'),
('3bc1609308a62631ee5c780497b67821b409771f801e636b6967b74943a5766a5388492671473b0b', 'b769e802df48d2db3b60da4a3e711b4b8b79d87ee22497099ca0d9b1e3a0ac1d20f83423258754d1', 0, '2022-06-05 11:28:10'),
('54c65ea04c7a74e0ff5c77517b9bb5ce10456a769cab83a9f8b0d4a15b79ffebc139889d5324a3d7', 'd232d135c07963ea9c7c82aeb1ef7c45ee86347c79a9f4b40f94cd5936024b4d1e67ce6bdda3df94', 0, '2022-06-05 11:29:00'),
('6448baaeb2fffcd465239e6c1602033e4d86856a89c7fb1203b29526815d1adb3d45dfc1d05ea196', '3b1b706391a1ac9a403c57ee07e8596774bcc4a8b0bc02fca68175700b3bd67f474b50b1af9206fd', 0, '2022-06-05 11:35:28'),
('855027c80abc86ee7df84423cd3c0ebcf9cd706de5c2cc1328eb60cb5e5dd43959dc4c5f5a11c053', '147f7d417da33e3490c2d1aacc20cada13beddf17276c164481be35214cc8130e53bdbf45d34dfc9', 0, '2022-06-05 13:34:12'),
('9bef6cccb02c7c683257e1cd3551d3c24831124c6c5b28febf2a4075635ee70b1b935fc5803210af', '40549cea4e4a342b4eb426141136435555b2c14d117f6d05f2a9fe84e6f1d8b07e1313820e54ca0e', 0, '2022-06-05 11:29:12'),
('a4510c3627987bd262f5084bd58f550f331a40fa6ecaea5b156dcebf4a4c00d9d558e9eb47f53fd6', '118f6a506415e5d32fb6fd6990846abfdfbb9ce90aae38b09a262843a685aa9ef6857e574845c6e4', 0, '2022-06-05 13:23:26'),
('a635ad216726bf94efa5158f1f8c33719d70e19c746598de81febf0ccefbbaa66f841bd0f7bf6bf8', '14817b9aef8ba61ad61af4f775be9197c30ddbc9f7d689539ce538446c0e69191ec753ce9451a15e', 0, '2022-06-05 13:20:02'),
('afb5671d48a3b1179604d03633e7600520699415575fb709fe788493e5a4b11dbbbc41f98d9863be', 'd49cf8622e111e800670e47902265a0304bc9436dbcfdaa45e7a357c4c296e138b0d170cfeb4aa92', 0, '2022-06-05 11:34:22'),
('be55b2bb5564cbaab96692b7b9e8cd576c1824a366ecae0f889a068360f145a7471a4fc639a5c4a5', 'a4f35e74a3c297be387b207bd2b1e285af2c76d90584583768e2745477ee65f214a341f45f60ca4e', 0, '2022-06-05 13:23:48'),
('ddf1cf64a4e881593ee83870ee99a330c49c284fd7c9d4a9eb41d0c287fca525cf4b69314a094fb8', 'f0adc309402f7741325d6608f3b7fcc9f198143c3b67bb018947079e6eeb19f98fe4cf089b042f4b', 0, '2022-06-05 11:16:00'),
('e3cb83f80bdc3a5a0ed24ead226f7b16c2262187606186ff1ea0a276ae0544e65aa00b7dd40d180f', '68fe72aa1a7e8b521ca2516bdd1850c79f9e4cade8a2c2a2bd5c3772f2b9933b3b1d092599f11b6e', 0, '2022-06-05 11:29:41'),
('ee8df09d960b726052e9fa951229ebdfc436e4dc4d14cb3239f65d8ab88af63197b375136033c23b', '6cbd11f5b79c5fd8fe5e365bf23913d3accf70fc917e0dcc5183ff0e331d257bee6ffa6f61cea4bd', 0, '2022-06-05 11:29:05');

-- --------------------------------------------------------

--
-- Table structure for table `password_resets`
--

CREATE TABLE `password_resets` (
  `email` varchar(255) COLLATE utf8mb4_unicode_ci NOT NULL,
  `token` varchar(255) COLLATE utf8mb4_unicode_ci NOT NULL,
  `created_at` timestamp NULL DEFAULT NULL
) ENGINE=InnoDB DEFAULT CHARSET=utf8mb4 COLLATE=utf8mb4_unicode_ci;

-- --------------------------------------------------------

--
-- Table structure for table `products`
--

CREATE TABLE `products` (
  `id` int(10) UNSIGNED NOT NULL,
  `name` varchar(255) COLLATE utf8mb4_unicode_ci NOT NULL,
  `detail` text COLLATE utf8mb4_unicode_ci NOT NULL,
  `price` int(11) NOT NULL,
  `stock` int(11) NOT NULL,
  `discount` int(11) NOT NULL,
  `created_at` timestamp NULL DEFAULT NULL,
  `updated_at` timestamp NULL DEFAULT NULL
) ENGINE=InnoDB DEFAULT CHARSET=utf8mb4 COLLATE=utf8mb4_unicode_ci;

--
-- Dumping data for table `products`
--

INSERT INTO `products` (`id`, `name`, `detail`, `price`, `stock`, `discount`, `created_at`, `updated_at`) VALUES
(1, 'aut', 'Facere sed facilis suscipit. Soluta quas sit et quaerat et qui. Sint ratione pariatur optio doloremque et sint. Nam nisi ea earum distinctio ullam.', 857, 4, 8, '2021-05-30 20:49:27', '2021-05-30 20:49:27'),
(2, 'et', 'Et cupiditate blanditiis non magnam quidem animi earum et. Et illum aliquid est iusto veritatis vero. Dolore iste debitis alias corporis ipsam.', 955, 3, 10, '2021-05-30 20:49:27', '2021-05-30 20:49:27'),
(3, 'atque', 'Officia totam nesciunt eum animi enim iusto. Libero sint consequatur rerum quae aut. Voluptates ipsa et dignissimos dignissimos culpa cumque. Et ut nihil excepturi dignissimos et error dicta eaque.', 642, 2, 14, '2021-05-30 20:49:27', '2021-05-30 20:49:27'),
(4, 'voluptate', 'Tempore deleniti amet aut deserunt. Voluptas excepturi sapiente cumque neque incidunt. Corporis culpa dolor blanditiis dolor quibusdam eos.', 354, 5, 29, '2021-05-30 20:49:27', '2021-05-30 20:49:27'),
(5, 'numquam', 'Provident est beatae blanditiis sapiente. Quae mollitia eveniet necessitatibus quo totam quo quia. Rerum nostrum omnis non nihil.', 326, 0, 26, '2021-05-30 20:49:27', '2021-05-30 20:49:27'),
(6, 'sapiente', 'Asperiores aliquid ad similique omnis ipsa atque. Voluptatum reiciendis expedita et explicabo totam nostrum asperiores. Ut et quidem voluptas nulla voluptatem quis.', 635, 6, 24, '2021-05-30 20:49:27', '2021-05-30 20:49:27'),
(7, 'aut', 'Nam et eos cumque quis qui. Eaque velit inventore nostrum ex suscipit vero. Et voluptas fuga quisquam maiores eos provident voluptate. Quis repellat impedit cumque quisquam optio illum quod.', 143, 8, 24, '2021-05-30 20:49:27', '2021-05-30 20:49:27'),
(8, 'enim', 'Iure aliquam vel nostrum dicta et aliquid nobis. Voluptatem alias voluptatibus quia praesentium tempore illum perferendis.', 193, 9, 30, '2021-05-30 20:49:27', '2021-05-30 20:49:27'),
(9, 'sit', 'Minima aut earum maiores quibusdam non rem enim. Ab nobis et earum sed odio quo. Odio sequi repellendus eaque facilis quibusdam sapiente quo alias. Quos et debitis rerum inventore ad veniam illo.', 114, 6, 4, '2021-05-30 20:49:27', '2021-05-30 20:49:27'),
(10, 'quia', 'Et hic nulla recusandae nobis. Atque nemo dicta blanditiis sequi eligendi pariatur voluptas. Laudantium sint deleniti eaque.', 963, 9, 17, '2021-05-30 20:49:27', '2021-05-30 20:49:27'),
(11, 'dolorem', 'Et molestiae excepturi rerum aut eos velit. Praesentium eligendi neque at expedita deleniti velit ratione vel. Ipsum nihil ut illo enim porro est sed voluptates.', 724, 4, 14, '2021-05-30 20:49:27', '2021-05-30 20:49:27'),
(12, 'libero', 'Quibusdam maxime nemo magnam. Odio aspernatur maxime nihil et voluptatem deserunt labore ab. Sit voluptatem et et nam.', 627, 6, 20, '2021-05-30 20:49:27', '2021-05-30 20:49:27'),
(13, 'ut', 'Magnam iste cumque libero excepturi eligendi. Fugiat aut consequatur sint nihil assumenda culpa. Itaque vel blanditiis at ad aut sed esse.', 756, 9, 23, '2021-05-30 20:49:27', '2021-05-30 20:49:27'),
(14, 'et', 'In et rerum debitis. Et voluptas modi fugiat voluptates nihil ut.', 188, 7, 19, '2021-05-30 20:49:27', '2021-05-30 20:49:27'),
(15, 'ut', 'Cum itaque facere aut et aut rem. Harum vel et tenetur sed. Suscipit deleniti et sapiente et asperiores voluptas deserunt.', 268, 5, 28, '2021-05-30 20:49:27', '2021-05-30 20:49:27'),
(16, 'omnis', 'Nam asperiores rerum soluta id eligendi alias ut. Nulla officia perspiciatis soluta itaque illo amet error. Ducimus nam autem iste ut eos ut. Voluptas maiores perferendis ut assumenda fugit quam recusandae.', 986, 7, 19, '2021-05-30 20:49:27', '2021-05-30 20:49:27'),
(17, 'est', 'Sapiente aliquid omnis eos. Incidunt rerum est aut.', 1000, 6, 20, '2021-05-30 20:49:27', '2021-05-30 20:49:27'),
(18, 'maxime', 'Nisi beatae dignissimos et. Omnis sed nulla provident quis cumque. Minus quo ex et aliquam.', 321, 8, 21, '2021-05-30 20:49:27', '2021-05-30 20:49:27'),
(19, 'est', 'Dolorum dolores ipsam est deserunt tenetur iste. Nisi qui nihil iure atque.', 650, 9, 18, '2021-05-30 20:49:27', '2021-05-30 20:49:27'),
(20, 'consectetur', 'Ratione reiciendis eum et unde itaque laborum quidem. Impedit laudantium ea nisi nulla ut itaque. Voluptates modi tempore exercitationem animi aut. Autem aut eos distinctio. Libero non quia tempore in doloribus accusamus.', 615, 9, 25, '2021-05-30 20:49:27', '2021-05-30 20:49:27'),
(21, 'excepturi', 'Minus numquam nulla reiciendis incidunt ipsa. Odit suscipit perferendis quam cumque dolorum. Maxime aliquam aut enim. Iusto consectetur libero rerum animi. Blanditiis voluptate cupiditate reiciendis officia.', 960, 3, 10, '2021-05-30 20:49:27', '2021-05-30 20:49:27'),
(22, 'non', 'Unde nulla sint voluptatem ratione officiis aut. Repudiandae velit voluptatum ullam numquam suscipit et aut veritatis.', 816, 5, 9, '2021-05-30 20:49:27', '2021-05-30 20:49:27'),
(23, 'hic', 'Ratione molestias inventore doloremque. Sunt voluptates dolor qui ea occaecati explicabo. Voluptatem quaerat consectetur est omnis aliquam nisi exercitationem.', 860, 6, 2, '2021-05-30 20:49:27', '2021-05-30 20:49:27'),
(24, 'sed', 'Cupiditate voluptas nemo sunt non aut natus maiores. Dolor ducimus aut quos laboriosam minima. Mollitia molestiae nostrum eligendi sed impedit. Magni vero aliquid architecto laborum culpa tenetur omnis.', 724, 3, 3, '2021-05-30 20:49:27', '2021-05-30 20:49:27'),
(25, 'quisquam', 'Fugiat temporibus voluptas non et doloribus cupiditate. Ea eaque repudiandae molestias aut quia ut. Quibusdam id ducimus commodi facilis. Impedit quis omnis vel architecto aut nemo.', 478, 5, 18, '2021-05-30 20:49:27', '2021-05-30 20:49:27'),
(26, 'aut', 'Praesentium nihil perferendis maiores molestiae necessitatibus ullam et. Vel sed maiores iure labore. Nihil qui laborum harum rerum.', 374, 0, 26, '2021-05-30 20:49:27', '2021-05-30 20:49:27'),
(27, 'voluptas', 'Et nobis soluta dolor. Velit est amet quasi velit accusamus. Aliquam necessitatibus ab ratione aspernatur.', 782, 4, 16, '2021-05-30 20:49:27', '2021-05-30 20:49:27'),
(28, 'error', 'Harum non culpa cupiditate ut nemo architecto ducimus ut. Quibusdam magnam ut aliquam aliquid repudiandae. Blanditiis amet ipsum voluptas saepe. Qui sunt et fugit eos quas repudiandae.', 972, 6, 21, '2021-05-30 20:49:27', '2021-05-30 20:49:27'),
(29, 'ut', 'Magnam rerum et qui velit a provident. Esse praesentium sint at et delectus minus harum. Iste sit accusantium nesciunt sed molestias.', 931, 7, 4, '2021-05-30 20:49:27', '2021-05-30 20:49:27'),
(30, 'natus', 'Vero fuga doloribus mollitia sit distinctio aliquid. Et voluptate eum vitae rem voluptate aut qui ipsum. Eum et voluptates sed velit dolor. Est aut molestias minus labore iure sunt.', 151, 6, 25, '2021-05-30 20:49:27', '2021-05-30 20:49:27'),
(31, 'animi', 'Alias maiores et et quia ut distinctio porro assumenda. Incidunt atque quidem numquam aliquid quo dolor tempora. Sit id laudantium laboriosam et. Incidunt facere vero ut nobis maiores.', 444, 8, 21, '2021-05-30 20:49:27', '2021-05-30 20:49:27'),
(32, 'saepe', 'Rerum sint odit laborum eaque. Voluptates non corrupti qui dignissimos. Quis quod qui et est pariatur dolor.', 648, 2, 20, '2021-05-30 20:49:27', '2021-05-30 20:49:27'),
(33, 'qui', 'Ut voluptatibus alias ad officiis doloribus. Ducimus quia vel temporibus dolor. Perspiciatis perferendis consequuntur est velit.', 897, 7, 17, '2021-05-30 20:49:27', '2021-05-30 20:49:27'),
(34, 'eligendi', 'Ea consequuntur quo id et est. Voluptas quidem nam dignissimos reprehenderit ut qui ipsum.', 117, 3, 7, '2021-05-30 20:49:27', '2021-05-30 20:49:27'),
(35, 'distinctio', 'Ipsam fugiat vel aut quisquam iste pariatur. Itaque tenetur quas dolores. Maiores doloribus nemo officia doloremque.', 678, 1, 18, '2021-05-30 20:49:27', '2021-05-30 20:49:27'),
(36, 'ipsam', 'Nihil perspiciatis enim excepturi deserunt. Quod dolores eos ipsum accusamus aut modi et. Culpa et repudiandae non in sunt modi iure. Cumque est sapiente voluptates harum architecto.', 376, 2, 11, '2021-05-30 20:49:27', '2021-05-30 20:49:27'),
(37, 'in', 'Ut sed ut et et. Enim dignissimos corrupti molestiae consequatur. Enim doloremque quos veritatis incidunt est tempora.', 916, 8, 20, '2021-05-30 20:49:27', '2021-05-30 20:49:27'),
(38, 'rerum', 'Veniam qui aut maxime velit consectetur tempore dolorum. Doloribus illo quia sit eos ullam. Iure omnis ratione iste est porro.', 952, 5, 7, '2021-05-30 20:49:27', '2021-05-30 20:49:27'),
(39, 'dolores', 'Odit qui veritatis rem et. Vitae quos soluta ut quis sint nihil quidem. Possimus aspernatur ratione rerum est facere. Similique placeat error consequatur quaerat. Enim adipisci aut doloremque aspernatur repudiandae est repellat.', 545, 8, 27, '2021-05-30 20:49:27', '2021-05-30 20:49:27'),
(40, 'optio', 'Harum dolor hic nostrum. Dolorum reiciendis alias deserunt asperiores rerum eos et. Eos ut quia sit eum ut. Numquam error repellat omnis est officia excepturi tenetur. Corporis in iste aut magni.', 636, 5, 29, '2021-05-30 20:49:27', '2021-05-30 20:49:27'),
(41, 'in', 'Quos eligendi voluptate omnis qui explicabo qui quas. Et quia sunt dolor dolorum. Non optio enim commodi provident est sed omnis modi. Totam quod vel consectetur mollitia.', 340, 0, 16, '2021-05-30 20:49:27', '2021-05-30 20:49:27'),
(42, 'rerum', 'Temporibus praesentium est incidunt accusamus ad consequatur sunt. Ut tempora saepe quasi nemo dicta ipsum consectetur. Sit ut corrupti quam possimus.', 148, 3, 21, '2021-05-30 20:49:27', '2021-05-30 20:49:27'),
(43, 'nihil', 'Voluptatem alias voluptas qui velit porro. Unde quia et rerum quo maiores illo commodi. Sequi rerum cumque non veritatis cumque temporibus est. Rerum rem provident explicabo molestiae quos. Impedit ut ratione quia neque mollitia ipsam quia.', 793, 5, 27, '2021-05-30 20:49:27', '2021-05-30 20:49:27'),
(44, 'tenetur', 'Vitae recusandae totam animi veniam amet sed repellendus. Veritatis pariatur voluptatibus et necessitatibus perspiciatis vel reiciendis. Aut nihil exercitationem magni labore nulla qui. Temporibus qui sunt fugit blanditiis qui.', 121, 9, 6, '2021-05-30 20:49:27', '2021-05-30 20:49:27'),
(45, 'ipsa', 'Rerum quo consectetur repudiandae. Tenetur quae quis eligendi et.', 853, 7, 4, '2021-05-30 20:49:27', '2021-05-30 20:49:27'),
(46, 'accusantium', 'Natus ut omnis qui velit sequi ipsam qui. Eum cumque distinctio earum omnis. Odit aut vitae deleniti maxime. Neque eos fuga accusantium unde dolor voluptas.', 439, 9, 2, '2021-05-30 20:49:27', '2021-05-30 20:49:27'),
(47, 'laudantium', 'Dolore soluta nam sit. Beatae natus quaerat aut eum laborum fugiat.', 274, 8, 18, '2021-05-30 20:49:27', '2021-05-30 20:49:27'),
(48, 'culpa', 'Repellendus sed eos veniam nobis ad dignissimos ut. Consequatur et optio voluptas aut esse eius. Sapiente amet sit ut sint ut. Modi sapiente consequatur quo pariatur.', 972, 8, 10, '2021-05-30 20:49:27', '2021-05-30 20:49:27'),
(49, 'consequatur', 'Deleniti reprehenderit voluptatum voluptates dolorem est fugiat rerum ullam. Voluptatem maiores laboriosam consequatur est consequatur laborum optio hic. Laboriosam voluptatibus debitis quam fugiat quo dolor molestiae ipsam.', 173, 1, 22, '2021-05-30 20:49:27', '2021-05-30 20:49:27'),
(50, 'amet', 'Ad voluptatum molestias doloribus quisquam maiores assumenda sit sit. Voluptate sit pariatur soluta beatae voluptatem doloremque laudantium voluptatem.', 208, 4, 19, '2021-05-30 20:49:27', '2021-05-30 20:49:27');

-- --------------------------------------------------------

--
-- Table structure for table `reviews`
--

CREATE TABLE `reviews` (
  `id` int(10) UNSIGNED NOT NULL,
  `product_id` int(10) UNSIGNED NOT NULL,
  `customer` varchar(255) COLLATE utf8mb4_unicode_ci NOT NULL,
  `review` text COLLATE utf8mb4_unicode_ci NOT NULL,
  `star` int(11) NOT NULL,
  `created_at` timestamp NULL DEFAULT NULL,
  `updated_at` timestamp NULL DEFAULT NULL
) ENGINE=InnoDB DEFAULT CHARSET=utf8mb4 COLLATE=utf8mb4_unicode_ci;

--
-- Dumping data for table `reviews`
--

INSERT INTO `reviews` (`id`, `product_id`, `customer`, `review`, `star`, `created_at`, `updated_at`) VALUES
(1, 49, 'Clementina Swaniawski', 'Dignissimos et esse quasi voluptas corporis illo. Minima placeat nam voluptatem et.', 2, '2021-05-30 20:49:27', '2021-05-30 20:49:27'),
(2, 23, 'Thora Kertzmann', 'A nostrum et asperiores voluptatibus eligendi provident totam. Dolor in doloribus magnam dolor iure. Maxime nulla aut cum eligendi aut. Dolorum ut vel qui cumque est perferendis autem.', 0, '2021-05-30 20:49:27', '2021-05-30 20:49:27'),
(3, 43, 'Garnett Murray', 'Et pariatur beatae dignissimos dolor eum. Et nesciunt tempora ad autem molestiae. Aut quas nemo consequatur harum excepturi.', 2, '2021-05-30 20:49:27', '2021-05-30 20:49:27'),
(4, 31, 'Mr. Diamond Halvorson V', 'Est quibusdam consequatur ipsum unde et animi repellendus. Similique dolores et beatae velit. Quo dolorem non a omnis pariatur. Harum adipisci debitis tempore eum repudiandae qui labore facere.', 2, '2021-05-30 20:49:27', '2021-05-30 20:49:27'),
(5, 6, 'Dr. Aliyah Medhurst MD', 'Facere eum eaque recusandae fugiat aut. Odio delectus sunt et facilis ut dolorem. Cupiditate sit neque dolores qui est voluptatum. Rem vel dolore quisquam voluptas quia ut aperiam.', 0, '2021-05-30 20:49:27', '2021-05-30 20:49:27'),
(6, 3, 'Tara Vandervort', 'Voluptatem optio et et quasi itaque. Aut aperiam placeat est. Voluptatem hic illo explicabo laborum labore. Quam ea dolor non beatae non est.', 2, '2021-05-30 20:49:27', '2021-05-30 20:49:27'),
(7, 34, 'Dimitri Little', 'Et in dolorem nostrum nam hic est quo. Ea incidunt sunt odio rem quae. Autem quia rerum quia quas sequi voluptates ea. Quasi nisi qui sit voluptatem incidunt atque laborum.', 4, '2021-05-30 20:49:27', '2021-05-30 20:49:27'),
(8, 31, 'Mrs. Lilian Luettgen V', 'Est ut nihil praesentium sit mollitia et autem. Assumenda velit id magnam commodi qui. Delectus quia magnam id aut et quasi voluptas. Ut est molestiae nostrum eos asperiores est quasi.', 4, '2021-05-30 20:49:27', '2021-05-30 20:49:27'),
(9, 28, 'Jimmy Stoltenberg MD', 'Perferendis exercitationem neque quis rem enim rerum esse est. Dolorem voluptatem aut non officiis fugit in dolores quisquam. Consequatur quo impedit voluptatum ea possimus doloremque id enim.', 1, '2021-05-30 20:49:27', '2021-05-30 20:49:27'),
(10, 11, 'Dr. Jake Goodwin I', 'Quisquam aliquam et alias tempora culpa. Sunt saepe et magnam perspiciatis beatae harum. Neque ea pariatur eaque in eligendi sed fuga temporibus.', 1, '2021-05-30 20:49:27', '2021-05-30 20:49:27'),
(11, 33, 'Hertha Monahan', 'Necessitatibus praesentium velit ullam quam. Laboriosam rerum ab voluptas veritatis. Ut unde numquam harum nesciunt culpa rerum. Nihil ut explicabo quia quisquam rem. Tenetur ut nisi error.', 2, '2021-05-30 20:49:27', '2021-05-30 20:49:27'),
(12, 7, 'Lesly Haag', 'Ratione dicta eaque placeat dolor aut. Qui modi labore sequi veritatis. Id magnam sed porro cupiditate. Inventore quia dicta molestiae sit a quod porro.', 5, '2021-05-30 20:49:27', '2021-05-30 20:49:27'),
(13, 34, 'Dr. Lisandro Lang MD', 'Consectetur dolores minima illo praesentium. Consequatur minus consequatur non vel ut autem. Optio mollitia dolore quos nemo deleniti omnis.', 5, '2021-05-30 20:49:27', '2021-05-30 20:49:27'),
(14, 32, 'Lonnie Corwin', 'Nesciunt qui sit voluptatem eum nemo. Alias consequatur sint voluptates aperiam. Odio sint in aut et a esse ut.', 0, '2021-05-30 20:49:27', '2021-05-30 20:49:27'),
(15, 27, 'Doris Reynolds I', 'Repellendus quos sequi incidunt aut. Quia sunt iure enim. Laudantium culpa enim pariatur at dignissimos labore temporibus officiis. Vero et voluptas magni aut deleniti dignissimos.', 2, '2021-05-30 20:49:27', '2021-05-30 20:49:27'),
(16, 2, 'Tavares Towne', 'Autem deleniti sapiente adipisci ipsam adipisci. Maiores ad similique voluptas similique sed quia dolores. Aspernatur reiciendis voluptatem nesciunt ut aut deleniti.', 2, '2021-05-30 20:49:27', '2021-05-30 20:49:27'),
(17, 5, 'Tate Waelchi', 'Eum optio ut voluptas. Ullam qui provident animi voluptatibus similique recusandae maiores. Inventore numquam eum voluptas accusantium consequuntur distinctio.', 5, '2021-05-30 20:49:27', '2021-05-30 20:49:27'),
(18, 12, 'Aubrey Ledner', 'Numquam temporibus ipsa minus excepturi est. Eum aut ut ut quam fugit. Nostrum perspiciatis voluptatem non vero nesciunt quia cupiditate. Animi neque quas explicabo laborum eaque repudiandae.', 2, '2021-05-30 20:49:27', '2021-05-30 20:49:27'),
(19, 34, 'Dudley Kassulke', 'Maiores quae sint qui debitis doloribus ut qui. Alias dolor quos at cum sit.', 0, '2021-05-30 20:49:28', '2021-05-30 20:49:28'),
(20, 44, 'Adolfo Strosin', 'Inventore temporibus odit autem vel atque rerum esse. Rem sit inventore fugit. Molestiae aperiam vel occaecati ab.', 5, '2021-05-30 20:49:28', '2021-05-30 20:49:28'),
(21, 41, 'Demarco Boehm DVM', 'Nihil et consequatur eveniet officiis neque rerum nemo. Qui praesentium et recusandae est. Voluptatem quibusdam corporis est exercitationem quod.', 5, '2021-05-30 20:49:28', '2021-05-30 20:49:28'),
(22, 40, 'Elmore Prohaska', 'Fugiat fugiat architecto dolorem repellendus molestias. Atque corporis saepe sed quia. Aut qui ut corrupti vitae. Quaerat velit expedita nesciunt aliquam omnis non.', 4, '2021-05-30 20:49:28', '2021-05-30 20:49:28'),
(23, 14, 'Mr. Mauricio Reynolds V', 'Amet officia nobis esse consequatur. Ea molestiae sit magnam quam est nesciunt. Doloribus qui provident fugiat. Sit voluptas aut fugit voluptatum.', 2, '2021-05-30 20:49:28', '2021-05-30 20:49:28'),
(24, 38, 'Ezekiel Terry', 'Facere et perferendis debitis culpa id aut reprehenderit repudiandae. Neque voluptas et et quia esse eaque. Sed reiciendis quasi voluptatibus quisquam dolores nam. Eaque consequatur est quia sunt.', 5, '2021-05-30 20:49:28', '2021-05-30 20:49:28'),
(25, 15, 'Dorian Ziemann II', 'Deleniti et odit sapiente aut repudiandae. Repellat nobis ab quia quisquam soluta ullam vero. Amet quasi non rem voluptates voluptatibus assumenda ex consequuntur. Sed reiciendis veniam ut velit repellendus in voluptates.', 1, '2021-05-30 20:49:28', '2021-05-30 20:49:28'),
(26, 33, 'Winifred Kassulke Sr.', 'Minima velit maiores architecto ea facilis est. Neque quia deserunt voluptatem veritatis numquam. Quia voluptas impedit consequatur facere labore.', 3, '2021-05-30 20:49:28', '2021-05-30 20:49:28'),
(27, 16, 'Cassidy Feeney Jr.', 'Sint laboriosam ea id omnis totam odio. Sapiente inventore et eum facilis aut debitis. Minus animi corrupti eaque sint aut quia possimus ut. Nam perspiciatis quod voluptas distinctio voluptatem qui id incidunt.', 4, '2021-05-30 20:49:28', '2021-05-30 20:49:28'),
(28, 43, 'Mr. Winfield Padberg DDS', 'Aut placeat dolores necessitatibus quibusdam ut fugit. Id omnis similique cupiditate voluptatum. Consequatur odio id a animi quibusdam natus cum mollitia. Eos aut itaque velit id at.', 4, '2021-05-30 20:49:28', '2021-05-30 20:49:28'),
(29, 37, 'Brendan Skiles Jr.', 'Et ullam nobis delectus dolore repudiandae rerum quo. Placeat aut in ipsam recusandae vitae cupiditate quisquam pariatur. Aut perferendis ut quo esse fuga.', 0, '2021-05-30 20:49:28', '2021-05-30 20:49:28'),
(30, 18, 'Kellen Wiegand', 'Voluptates animi aut incidunt ut illum mollitia aut. Deleniti distinctio incidunt dolorem aliquam. Laudantium dolorem voluptatum quas dicta voluptatem.', 0, '2021-05-30 20:49:28', '2021-05-30 20:49:28'),
(31, 40, 'Kayley Boehm', 'Tempora corporis qui nam dolor aut in. Dolorum molestiae deserunt ea aut eveniet. Esse molestias labore sunt aperiam illo rerum. Repellendus occaecati quis doloremque quia.', 3, '2021-05-30 20:49:28', '2021-05-30 20:49:28'),
(32, 11, 'Dovie Spinka', 'Voluptatum omnis quidem repellat corporis. Porro laboriosam est aperiam. Tenetur excepturi quia molestiae cupiditate autem ut molestias. Non et ab quos dolore aut nobis officiis reprehenderit. Iusto sint a dolores impedit nihil non.', 3, '2021-05-30 20:49:28', '2021-05-30 20:49:28'),
(33, 1, 'Jana Wolf', 'Nam non quidem aut veniam voluptate. Laboriosam quam suscipit et mollitia odio. Deleniti non ipsum provident tempore. Facilis sit vel expedita.', 1, '2021-05-30 20:49:28', '2021-05-30 20:49:28'),
(34, 40, 'Lottie Klein', 'Vero possimus officiis autem earum. Ab fugit magni voluptas qui fugit suscipit. Aut ipsam quam eius ratione sunt quasi optio.', 5, '2021-05-30 20:49:28', '2021-05-30 20:49:28'),
(35, 9, 'Glen Rosenbaum', 'Excepturi reprehenderit dolorem sit nostrum sint ducimus. Id dolores rerum velit repellendus consectetur. Aut earum aut nam commodi in quae vitae. Eius reprehenderit est est.', 5, '2021-05-30 20:49:28', '2021-05-30 20:49:28'),
(36, 2, 'Dr. Abe Jones', 'Blanditiis dolores iusto voluptatum temporibus. Veritatis repellat non cum tempora hic. Eius quas nemo aperiam perferendis.', 0, '2021-05-30 20:49:28', '2021-05-30 20:49:28'),
(37, 9, 'Margret Mertz II', 'Ut perferendis eum quos possimus. Molestias distinctio beatae sapiente optio explicabo ea impedit sint. Saepe id in autem vel inventore ducimus ut accusantium.', 1, '2021-05-30 20:49:28', '2021-05-30 20:49:28'),
(38, 29, 'Albina Zemlak I', 'Deleniti officiis repellat est sint et. Aut et dolore officiis in dolorem suscipit ut. Aut itaque sequi nihil quibusdam itaque eos. Aut officiis cum voluptatem aut et aliquid et.', 2, '2021-05-30 20:49:28', '2021-05-30 20:49:28'),
(39, 39, 'Ladarius Little DDS', 'Reprehenderit expedita quia sunt incidunt. Accusantium in deserunt maiores nihil deserunt ipsum qui. Nihil consectetur quo recusandae quam est ut perspiciatis.', 4, '2021-05-30 20:49:28', '2021-05-30 20:49:28'),
(40, 45, 'Eldridge Emmerich', 'Non veritatis aperiam deserunt. Reiciendis veniam ea totam totam sequi voluptatibus accusamus. Id perspiciatis consectetur iste assumenda. Accusamus et repudiandae quibusdam praesentium.', 0, '2021-05-30 20:49:28', '2021-05-30 20:49:28'),
(41, 6, 'Ms. Myrtis Bartoletti', 'Molestiae qui cumque odio consequatur. Qui consequatur exercitationem fuga dolorum aut qui neque. Dolores ullam reiciendis aliquam vitae impedit error dolor. Quibusdam accusamus nihil facere quis reprehenderit.', 0, '2021-05-30 20:49:28', '2021-05-30 20:49:28'),
(42, 13, 'Jaime Hyatt', 'Nesciunt iure ratione ut cupiditate aliquam autem. Illum ullam suscipit in minima.', 5, '2021-05-30 20:49:28', '2021-05-30 20:49:28'),
(43, 11, 'Mr. Jarrell Gorczany', 'Aut aliquid facilis est praesentium minima voluptatem aut. Dolorum architecto ut iste quia. Velit dolores sint cupiditate aperiam eligendi. Neque placeat unde nostrum libero ad. Autem quia pariatur dolorem.', 1, '2021-05-30 20:49:28', '2021-05-30 20:49:28'),
(44, 11, 'Mr. Guillermo Howe', 'At est sit labore dolores. A voluptate repudiandae placeat dolorem doloribus. Qui minus necessitatibus recusandae quam et ab. Beatae et quibusdam est vitae.', 0, '2021-05-30 20:49:28', '2021-05-30 20:49:28'),
(45, 4, 'Destiney Reichert', 'Qui iste aut unde ullam esse nihil. Voluptatem cupiditate molestiae nulla animi. Illum earum reiciendis ad aut. Dolores commodi voluptatibus vel iure voluptatem.', 2, '2021-05-30 20:49:28', '2021-05-30 20:49:28'),
(46, 2, 'Marco Schowalter', 'Commodi eligendi exercitationem temporibus. Et quo iure et minus et autem et eos. Quos omnis ut molestias et aperiam optio nesciunt.', 2, '2021-05-30 20:49:28', '2021-05-30 20:49:28'),
(47, 27, 'Kaci Berge', 'In molestias minima in aut hic. Qui cupiditate est atque distinctio iure. Quis ea nostrum voluptatem dicta debitis eos. Voluptatem ratione ut assumenda qui aspernatur excepturi saepe fugit.', 0, '2021-05-30 20:49:28', '2021-05-30 20:49:28'),
(48, 43, 'Naomi Zieme', 'Maxime praesentium est nam molestias quia neque et numquam. Quia nulla amet consequatur autem. Omnis dolor quidem aut aut expedita vero amet. Vel commodi minus qui aut voluptatem. Voluptatibus quia aut voluptatum aut molestiae in.', 4, '2021-05-30 20:49:28', '2021-05-30 20:49:28'),
(49, 47, 'Charlotte Kreiger', 'Cumque dolor dolore nulla similique soluta et. Enim quisquam quae aut. Tenetur aliquam suscipit doloremque ut praesentium inventore similique qui. Id neque est sint natus ipsum quos et nihil.', 5, '2021-05-30 20:49:28', '2021-05-30 20:49:28'),
(50, 30, 'Nikki Rodriguez PhD', 'Autem nesciunt rerum laudantium. Dolorem maiores molestias fuga perferendis culpa. Aut quas rerum at dolores. Architecto quibusdam quia repudiandae excepturi officiis voluptatem.', 4, '2021-05-30 20:49:28', '2021-05-30 20:49:28'),
(51, 32, 'Grady Barrows', 'In minima qui at. Aliquid tenetur mollitia nobis cupiditate voluptatem. Earum voluptatibus nesciunt enim ut dolor sed voluptatem quasi.', 4, '2021-05-30 20:49:28', '2021-05-30 20:49:28'),
(52, 24, 'Rowena Kertzmann III', 'Ipsa recusandae quod ducimus omnis. Quaerat quia cumque nobis est laborum facilis omnis tempore. Sit cumque est praesentium eum eos placeat labore quas. Incidunt ea quasi non repudiandae facere cupiditate.', 4, '2021-05-30 20:49:28', '2021-05-30 20:49:28'),
(53, 22, 'Hassan Cronin', 'Ipsam nostrum dolores rerum perferendis quam quod. Nihil hic dolores rerum consequuntur fugiat rerum cum quia. Magni corrupti esse enim.', 3, '2021-05-30 20:49:28', '2021-05-30 20:49:28'),
(54, 24, 'Savion Labadie', 'Vel totam quibusdam aut et et quaerat assumenda aut. Quo non omnis et. Ratione in dolores nobis autem aut temporibus enim quam. Temporibus officia eaque dolor eum sint dolor.', 0, '2021-05-30 20:49:28', '2021-05-30 20:49:28'),
(55, 11, 'Beaulah Lynch', 'Delectus omnis ea dolorem sint vero cum nihil. Quas repellendus et amet consequatur est eum reiciendis. Omnis qui delectus expedita eius.', 1, '2021-05-30 20:49:28', '2021-05-30 20:49:28'),
(56, 17, 'Beatrice Flatley', 'Quod quasi sunt et. Blanditiis numquam ab enim iusto nisi eligendi. Ea distinctio aut est sed rerum.', 5, '2021-05-30 20:49:28', '2021-05-30 20:49:28'),
(57, 25, 'Shaina Conn', 'Modi cum incidunt qui voluptatem nobis doloremque totam. Culpa placeat aut dolorum molestiae magnam maiores sint. Fuga asperiores eum sunt sequi quia sit vitae. Et repellat dolor voluptate architecto.', 4, '2021-05-30 20:49:28', '2021-05-30 20:49:28'),
(58, 36, 'Jovani Hoppe', 'Quis autem vero voluptas dolor. Accusantium amet et magni sit quo natus architecto. Aut id nobis porro sit asperiores voluptas.', 4, '2021-05-30 20:49:28', '2021-05-30 20:49:28'),
(59, 19, 'Stefanie Kiehn', 'Voluptas maxime velit ad voluptas. Repellendus cum non quos omnis aperiam. Ducimus sequi dicta voluptatem. Non modi quod quidem ad.', 2, '2021-05-30 20:49:28', '2021-05-30 20:49:28'),
(60, 4, 'Reggie Harvey', 'Et iusto tempore aut ad. Tempora iusto doloremque animi consequuntur. Sunt id distinctio voluptatem. Unde voluptatem corporis iste.', 3, '2021-05-30 20:49:28', '2021-05-30 20:49:28'),
(61, 17, 'Jennings Grady', 'Quia quam vel inventore voluptatem ex provident aliquid vitae. Deserunt aspernatur reiciendis vel tempore neque voluptatem. Et at eum nesciunt pariatur voluptatem nihil ut. Laudantium quidem eos iure blanditiis dignissimos sed facilis.', 4, '2021-05-30 20:49:28', '2021-05-30 20:49:28'),
(62, 13, 'Rossie Howe', 'Ad consectetur a quis iure atque magnam in. Culpa asperiores dolorum dolores vero. Voluptas sed quod in dolorem sit. At temporibus reiciendis eum qui dolores quia.', 3, '2021-05-30 20:49:28', '2021-05-30 20:49:28'),
(63, 43, 'Percy Thompson III', 'Dolor error ut cupiditate dolor est tenetur reprehenderit. Voluptates laborum tempora quia enim. Cupiditate voluptatem modi aliquid.', 1, '2021-05-30 20:49:28', '2021-05-30 20:49:28'),
(64, 22, 'Kris Collins', 'Aliquid omnis fugit sed dignissimos. Quia quo repellendus nihil quo accusantium. Eius nam laborum ex reiciendis dolores magni.', 1, '2021-05-30 20:49:28', '2021-05-30 20:49:28'),
(65, 14, 'Prof. Alexane Johnson', 'Et iusto in quaerat in earum et ipsa. Et debitis id minus voluptatibus debitis. Exercitationem qui debitis enim nobis cum. Adipisci quos minima non rerum cumque est nobis. Voluptas earum error nostrum sunt repellat nam.', 4, '2021-05-30 20:49:28', '2021-05-30 20:49:28'),
(66, 3, 'Dolores McClure', 'Voluptatem voluptas expedita ea voluptatem. Mollitia placeat inventore vel harum molestias tenetur.', 3, '2021-05-30 20:49:28', '2021-05-30 20:49:28'),
(67, 9, 'Madison Schultz', 'Ullam est velit doloribus et. Sed enim ut quis corporis culpa officia vel. Est sit mollitia eveniet nostrum itaque.', 3, '2021-05-30 20:49:28', '2021-05-30 20:49:28'),
(68, 26, 'Mrs. Holly Schimmel', 'Sit quos magnam vero sit est dolorum. Sit dolor labore quia asperiores a repellendus ut. Iure eveniet rerum alias sunt sed. Sunt sit perspiciatis ea vitae aperiam qui sed.', 2, '2021-05-30 20:49:28', '2021-05-30 20:49:28'),
(69, 14, 'Jon Denesik II', 'Eius doloribus et aspernatur voluptas qui dolorem. Aliquam soluta non nobis ut incidunt. Et dolores ullam distinctio voluptas alias aut.', 2, '2021-05-30 20:49:28', '2021-05-30 20:49:28'),
(70, 21, 'Irma Douglas', 'Hic et nam illum qui repudiandae. Dolorum soluta quia numquam dolore.', 2, '2021-05-30 20:49:28', '2021-05-30 20:49:28'),
(71, 31, 'Angelo Gleichner PhD', 'Officia veritatis minima nam tempora. Placeat consequatur enim modi laboriosam est molestias inventore. Ut in ut quia corporis et. Est officia ut et dicta et odit quas.', 4, '2021-05-30 20:49:28', '2021-05-30 20:49:28'),
(72, 50, 'Corine Altenwerth', 'Nobis rerum repellat aspernatur ratione excepturi numquam. Nobis debitis est quis. Libero eaque sed ut perspiciatis ut aut odio.', 1, '2021-05-30 20:49:28', '2021-05-30 20:49:28'),
(73, 26, 'Dr. Liliana Yundt III', 'Eius nostrum velit ipsum cumque autem illum quia. Adipisci et delectus modi quo maiores iure et adipisci. Quaerat non hic et distinctio neque.', 4, '2021-05-30 20:49:28', '2021-05-30 20:49:28'),
(74, 28, 'Hipolito Rolfson', 'Culpa ut doloremque est eum itaque in. Voluptas dolorem ab reiciendis similique aut quia ipsum aut. Officia ratione corporis commodi nihil numquam. Sapiente quos blanditiis nemo.', 0, '2021-05-30 20:49:28', '2021-05-30 20:49:28'),
(75, 3, 'Joseph Kessler Sr.', 'Quisquam et repellendus consequatur asperiores. Accusamus et quia nobis tenetur ut voluptatem sit. Qui repudiandae perspiciatis autem quo. Assumenda occaecati et voluptas adipisci aliquid et id.', 2, '2021-05-30 20:49:28', '2021-05-30 20:49:28'),
(76, 6, 'Lucienne Gibson', 'Dolorum enim aut sed blanditiis. Amet reiciendis sed sit ad voluptatem ad nostrum. Deserunt qui rerum quis suscipit accusantium.', 5, '2021-05-30 20:49:28', '2021-05-30 20:49:28'),
(77, 4, 'Vincenzo Langworth III', 'Dolor ut quia alias ut veritatis suscipit quia. Ad dolores amet voluptas minus possimus voluptates ut. Aut eum occaecati voluptates molestiae modi laudantium commodi. Neque voluptas eos quod eveniet doloribus rem animi.', 5, '2021-05-30 20:49:28', '2021-05-30 20:49:28'),
(78, 2, 'Miss Clarissa Murray DDS', 'Libero architecto reprehenderit et quas ea. Tempore id molestiae mollitia aperiam earum hic. Dolorum et est doloremque quasi.', 2, '2021-05-30 20:49:28', '2021-05-30 20:49:28'),
(79, 47, 'Georgiana Bogan', 'Quasi molestias ipsa fugit rerum illo itaque. Ad consequatur architecto hic qui nisi iusto. Sed sapiente eligendi delectus dolorum autem earum sint.', 3, '2021-05-30 20:49:28', '2021-05-30 20:49:28'),
(80, 6, 'Sammie West', 'Quas sit consectetur qui tempore qui. Velit eaque velit deleniti est omnis.', 3, '2021-05-30 20:49:28', '2021-05-30 20:49:28'),
(81, 11, 'Maximillia Swaniawski', 'Numquam rerum id facere. Commodi autem quis et neque. Et hic necessitatibus at iste voluptatem esse. Expedita excepturi recusandae omnis neque quod modi numquam. Corrupti facilis quam ea iste.', 2, '2021-05-30 20:49:28', '2021-05-30 20:49:28'),
(82, 41, 'Verona Breitenberg', 'Consequatur nihil molestiae id aut molestiae a officiis blanditiis. Dolorum rerum nisi quia ut. Dignissimos assumenda delectus non laborum accusantium unde qui distinctio. Quae autem expedita rem.', 4, '2021-05-30 20:49:28', '2021-05-30 20:49:28'),
(83, 19, 'Katlynn Goodwin', 'Id est voluptatum dolorem laboriosam facere. In neque excepturi omnis beatae. Nesciunt provident error numquam quas optio cupiditate corrupti.', 1, '2021-05-30 20:49:28', '2021-05-30 20:49:28'),
(84, 19, 'Annalise Hayes', 'Ducimus odio reprehenderit rerum optio doloribus tempore eum. Et ut totam repellendus atque.', 5, '2021-05-30 20:49:28', '2021-05-30 20:49:28'),
(85, 27, 'Miguel Schaden', 'Odio laudantium consequatur blanditiis enim. Voluptates in aperiam sit ut eum fugit non. Et aliquid et consequatur quasi sit atque. Dolor mollitia impedit quia ullam delectus sapiente quam.', 5, '2021-05-30 20:49:28', '2021-05-30 20:49:28'),
(86, 20, 'Lemuel Bayer', 'Facere molestiae sit velit magnam tenetur est vel et. Sequi atque fugiat sed eius adipisci dolores atque. Quia sint et aspernatur officia et quia repellendus. Eius inventore pariatur soluta veniam laudantium quibusdam dolor voluptas.', 1, '2021-05-30 20:49:28', '2021-05-30 20:49:28'),
(87, 14, 'Shannon O\'Keefe Jr.', 'Reiciendis eligendi molestiae minus ipsum dolorum et est aliquam. Sed eveniet corporis minus modi. Nisi corporis et et nobis. Architecto dolor in in nisi exercitationem deserunt.', 5, '2021-05-30 20:49:28', '2021-05-30 20:49:28'),
(88, 28, 'Prof. Taurean Schinner II', 'Ut inventore asperiores culpa quos et necessitatibus. Architecto omnis ut eos. Id fugiat ullam consequatur ut aspernatur alias qui.', 2, '2021-05-30 20:49:28', '2021-05-30 20:49:28'),
(89, 45, 'Jamey Smitham', 'Vero voluptates officia repellendus est quia et. Adipisci ducimus illum odio eveniet. Totam cupiditate sit consequatur voluptas qui omnis.', 5, '2021-05-30 20:49:28', '2021-05-30 20:49:28'),
(90, 25, 'Mittie Mayer Sr.', 'Enim quia minus amet consequatur similique qui consectetur. Qui eaque ducimus nobis doloremque voluptatibus. Expedita sit similique quaerat officia et cupiditate. Et itaque numquam ut minus ut temporibus et.', 2, '2021-05-30 20:49:28', '2021-05-30 20:49:28'),
(91, 33, 'Prof. Glenda Shanahan', 'Reiciendis in autem rem cumque odit sunt alias delectus. Tempora similique mollitia velit est et laborum asperiores. Laudantium quod sed laboriosam ea ipsum. Sequi dolore ea qui voluptatem laudantium soluta nostrum vel.', 2, '2021-05-30 20:49:28', '2021-05-30 20:49:28'),
(92, 30, 'Hailee Deckow', 'Velit optio et suscipit beatae ut ab in. Ab ut quam sed sint aut quod dolorem. Rerum maiores dolorem voluptatum repellat quas et. Dolorum amet eligendi minus ullam quos et.', 3, '2021-05-30 20:49:28', '2021-05-30 20:49:28'),
(93, 45, 'Donny Raynor', 'Ex et molestiae distinctio quia. Nihil omnis aut recusandae officia illo omnis. Ullam omnis aut dolores occaecati ad voluptates.', 3, '2021-05-30 20:49:28', '2021-05-30 20:49:28'),
(94, 50, 'Tyreek Cremin', 'Sit perferendis id recusandae unde vel est. Est consequatur nesciunt sit et a. Doloribus pariatur dolorem enim voluptates eius molestias. Dignissimos aut quibusdam quia voluptas neque.', 3, '2021-05-30 20:49:28', '2021-05-30 20:49:28'),
(95, 8, 'Emmalee Hammes', 'Nobis quidem ducimus quo saepe ipsa. Quasi minima molestiae quas omnis excepturi tempora. Qui minima natus ut voluptatum atque. Omnis voluptatum dolorum fugit repudiandae nulla facilis incidunt.', 2, '2021-05-30 20:49:28', '2021-05-30 20:49:28'),
(96, 13, 'Gretchen White PhD', 'Esse distinctio itaque esse dolorem. Eos ipsum magni consectetur voluptas reprehenderit alias. Modi molestiae perspiciatis et.', 5, '2021-05-30 20:49:28', '2021-05-30 20:49:28'),
(97, 13, 'Kamryn Gleason III', 'Dolorum quo laboriosam autem et cum. Id nisi molestiae incidunt tenetur. Aliquid molestiae nihil libero voluptatem.', 4, '2021-05-30 20:49:28', '2021-05-30 20:49:28'),
(98, 5, 'Garland Larson V', 'Facilis officia ut sit neque sunt. Sapiente soluta dolore eos. Eum nobis deleniti non alias tempore voluptatem est.', 5, '2021-05-30 20:49:28', '2021-05-30 20:49:28'),
(99, 40, 'Reyna Mayert', 'Labore in asperiores accusantium deleniti sunt ipsa. Possimus modi facilis rerum dolores earum qui voluptatibus et. Modi ut animi molestiae praesentium possimus itaque.', 4, '2021-05-30 20:49:28', '2021-05-30 20:49:28'),
(100, 28, 'Mitchell Blanda', 'Eligendi enim et voluptatem. Aut temporibus officiis nostrum reprehenderit. Nam iusto sapiente enim ipsam voluptate qui facere blanditiis. Ullam aspernatur commodi consequatur porro debitis.', 3, '2021-05-30 20:49:28', '2021-05-30 20:49:28'),
(101, 49, 'Shanna Gleichner', 'Sequi quo ut minima placeat unde fugit eum sed. Facilis similique commodi ea aut ut et. Natus qui et et ab sed neque. Autem et sed quam sit itaque consequatur. Ullam mollitia voluptatum nisi et.', 3, '2021-05-30 20:49:28', '2021-05-30 20:49:28'),
(102, 4, 'Leora Zboncak V', 'A dolores rerum quis nemo eum est alias quo. Quod temporibus illo tempora iusto inventore. Et non sequi eum dolorem inventore.', 5, '2021-05-30 20:49:28', '2021-05-30 20:49:28'),
(103, 18, 'Prof. Dereck Yundt', 'Corporis eos excepturi necessitatibus et et. Aut dignissimos consequatur earum magnam numquam in. Saepe voluptatem accusamus illum eaque.', 0, '2021-05-30 20:49:28', '2021-05-30 20:49:28'),
(104, 46, 'Edna Watsica', 'Officiis necessitatibus nam earum nam. Adipisci laudantium facere neque ipsam similique possimus consectetur. Dolorem magnam labore culpa labore in.', 2, '2021-05-30 20:49:28', '2021-05-30 20:49:28'),
(105, 38, 'Orland Erdman', 'Et necessitatibus dolore consectetur eligendi atque. Cumque voluptatem culpa voluptatem. Laudantium aperiam possimus laboriosam ipsa sed neque.', 1, '2021-05-30 20:49:28', '2021-05-30 20:49:28'),
(106, 49, 'Josefina Walsh V', 'Corrupti labore aut nemo repellat sit. Consectetur dolore aut placeat cum aut quos esse. Consequatur et eum qui qui. Est non ut dolorum cupiditate placeat dignissimos quaerat id.', 5, '2021-05-30 20:49:28', '2021-05-30 20:49:28'),
(107, 44, 'Dr. Faye Casper', 'Ducimus autem alias sed in totam tempore accusamus. Veniam et nihil eius tempore velit debitis. Fugit qui rerum eum ullam ut porro. Dolores suscipit assumenda non aut error tempora maxime.', 1, '2021-05-30 20:49:28', '2021-05-30 20:49:28'),
(108, 31, 'Dr. Patricia Botsford', 'Nostrum vitae commodi officiis quia. Id commodi autem voluptas harum voluptate et minima tempore. Est iusto praesentium libero.', 2, '2021-05-30 20:49:28', '2021-05-30 20:49:28'),
(109, 21, 'Delilah Jacobs', 'Officiis et eligendi quia quia aliquam. Sunt quibusdam iste aut quia nam iusto quia necessitatibus. Quo sapiente id incidunt perspiciatis sint libero fuga mollitia.', 0, '2021-05-30 20:49:28', '2021-05-30 20:49:28'),
(110, 29, 'Nora Kihn II', 'In quidem quasi atque iste totam. Ut quibusdam qui perspiciatis ex est voluptas. Architecto impedit inventore assumenda quisquam nemo architecto nostrum. Vel quo occaecati saepe vero voluptas optio.', 5, '2021-05-30 20:49:28', '2021-05-30 20:49:28'),
(111, 15, 'Aimee O\'Connell', 'Assumenda suscipit aspernatur aut perspiciatis qui. Autem quisquam sit voluptas expedita atque doloribus molestiae. Aliquam ducimus omnis sapiente quibusdam sed incidunt expedita. Corporis ratione repudiandae animi quis.', 5, '2021-05-30 20:49:28', '2021-05-30 20:49:28'),
(112, 36, 'Tiara Blanda', 'Magni neque sint perferendis explicabo magnam ipsam. Autem necessitatibus qui et sit dolor quis. Illo ducimus quaerat eaque quasi.', 3, '2021-05-30 20:49:28', '2021-05-30 20:49:28'),
(113, 14, 'Prof. Morris Pagac III', 'Voluptate non sunt magni delectus. Earum culpa maxime sed distinctio consequatur esse. Ducimus mollitia eos praesentium sint. Iusto sed cumque non quisquam ut itaque.', 3, '2021-05-30 20:49:28', '2021-05-30 20:49:28'),
(114, 15, 'Diana Jacobson', 'Eius a vel rerum voluptatem at. Debitis perspiciatis quos minus eveniet amet facilis eveniet. Temporibus error ut doloremque odit et aut iusto et.', 0, '2021-05-30 20:49:28', '2021-05-30 20:49:28'),
(115, 32, 'Lillie Effertz DDS', 'Fugiat et error non et consequatur. Excepturi et vitae fugit suscipit sunt explicabo dolorem. Vero minima possimus qui sed quo.', 0, '2021-05-30 20:49:28', '2021-05-30 20:49:28'),
(116, 30, 'Kaylee Cronin', 'Illo in corrupti blanditiis. Minima accusantium ab aut doloremque est accusantium provident. In alias rerum saepe aut.', 5, '2021-05-30 20:49:28', '2021-05-30 20:49:28'),
(117, 24, 'Isabel Hudson', 'Fuga enim quas sapiente perferendis natus ad magnam voluptatem. Nostrum exercitationem non expedita quo ipsam dolores. Qui expedita quia officia eaque eum officia porro.', 4, '2021-05-30 20:49:28', '2021-05-30 20:49:28'),
(118, 39, 'Ms. Natalia Corkery II', 'Id illo iste iure quis. Magni nemo in dolorum et. Temporibus aperiam ut quia. Accusantium quibusdam sit deleniti quibusdam.', 2, '2021-05-30 20:49:28', '2021-05-30 20:49:28'),
(119, 6, 'Dariana Lindgren', 'Explicabo voluptatem consequatur dignissimos ex sit eveniet a tempora. Voluptatibus corporis explicabo quis quas et dolorem. Est mollitia labore quam aut.', 4, '2021-05-30 20:49:28', '2021-05-30 20:49:28'),
(120, 31, 'Ismael Pfeffer', 'Eius non facere praesentium alias sapiente deleniti. Voluptas quam et aliquid beatae quae vel. Omnis dicta non autem iste cumque recusandae reprehenderit doloribus. Atque soluta consequatur omnis aspernatur molestiae.', 3, '2021-05-30 20:49:28', '2021-05-30 20:49:28'),
(121, 16, 'Miss Evelyn Runte V', 'Quo et similique dolorem repudiandae labore. Sequi quia deserunt laborum porro. Qui ipsam nostrum dolorum sunt magni similique facilis. Mollitia corporis autem saepe eaque beatae aspernatur.', 1, '2021-05-30 20:49:28', '2021-05-30 20:49:28'),
(122, 38, 'Orrin Heathcote', 'Rerum cumque iure voluptas voluptatem. Temporibus quas quia nihil facere.', 0, '2021-05-30 20:49:28', '2021-05-30 20:49:28'),
(123, 28, 'Fausto Abernathy', 'Nobis et molestiae maiores sint aut quia facere. Delectus alias deleniti et amet iusto. Veniam modi nulla nihil neque.', 1, '2021-05-30 20:49:28', '2021-05-30 20:49:28'),
(124, 13, 'Vincenzo Jacobs I', 'Deserunt aspernatur consequuntur impedit et eveniet vel harum. Mollitia illo iste debitis omnis illum omnis ut. Laudantium harum ex veniam illum ut voluptatibus error.', 0, '2021-05-30 20:49:28', '2021-05-30 20:49:28'),
(125, 50, 'Vito Bins', 'Et saepe dolorem veniam cumque non modi aut. Eveniet nesciunt iste sunt accusamus alias quidem. Minima asperiores similique harum beatae. Quae illo quibusdam at molestiae praesentium rerum rerum vel.', 4, '2021-05-30 20:49:28', '2021-05-30 20:49:28'),
(126, 45, 'Onie Erdman', 'Ut omnis cupiditate enim dolor iste et. Necessitatibus aliquam dolor itaque dolorum voluptas praesentium. Provident et et vel suscipit. Sed et doloribus blanditiis quas ab quod.', 5, '2021-05-30 20:49:28', '2021-05-30 20:49:28'),
(127, 39, 'Dr. Kurtis Abbott', 'Eum reiciendis rerum enim voluptate ut. Repellat cupiditate quidem iure vel veniam soluta fuga. Voluptas iusto mollitia aut error aut sint.', 4, '2021-05-30 20:49:28', '2021-05-30 20:49:28'),
(128, 19, 'Henderson Prohaska', 'Natus aliquid nesciunt tempore laboriosam sed. Aut quasi neque at modi repudiandae rerum ut et. Ut voluptatem omnis non reprehenderit. Quidem quas ducimus voluptatum quis.', 2, '2021-05-30 20:49:28', '2021-05-30 20:49:28'),
(129, 12, 'Adrianna Anderson', 'Facilis voluptates non quas quia sint et. Doloremque nesciunt tempora at veniam atque quo sequi.', 2, '2021-05-30 20:49:28', '2021-05-30 20:49:28'),
(130, 33, 'Madonna Friesen', 'Aut qui iure rerum omnis facere ipsum facere ratione. Facere quidem ab quidem aliquid culpa. Ut ipsum molestiae neque dolores quisquam odio maxime facere. Nesciunt quasi soluta voluptatem saepe id.', 3, '2021-05-30 20:49:28', '2021-05-30 20:49:28'),
(131, 37, 'Leon Paucek', 'Autem est quisquam amet vel. Rerum itaque cumque dolor veritatis in omnis. Id sed blanditiis eum ipsa quo maiores at alias. Quod vero inventore at numquam ea consequuntur repellat vel. Officia consequatur rerum dolorem repellat neque optio.', 5, '2021-05-30 20:49:28', '2021-05-30 20:49:28'),
(132, 39, 'Mr. Darien Fay DVM', 'Voluptas excepturi aliquid quam unde ipsam. Architecto eligendi est cupiditate perspiciatis et velit.', 0, '2021-05-30 20:49:28', '2021-05-30 20:49:28'),
(133, 26, 'Ignatius Stoltenberg II', 'Ex atque corrupti ut fugiat dignissimos. Eum ab facilis voluptas consequuntur voluptatem expedita. Deserunt incidunt enim fugit non omnis rerum dolorum. Dolorum ea officia velit quae quia dignissimos quo.', 0, '2021-05-30 20:49:28', '2021-05-30 20:49:28'),
(134, 22, 'Elvis Terry', 'Facilis iusto et dolores corrupti in. Excepturi similique sapiente eius nihil tempore omnis. Dolores labore fugit autem assumenda autem error sit. Sunt consequuntur sed aut voluptatem eligendi atque voluptatem.', 5, '2021-05-30 20:49:28', '2021-05-30 20:49:28'),
(135, 43, 'Mr. Lindsey Rosenbaum', 'Ut doloribus expedita error corrupti inventore. Magni ducimus non explicabo neque alias officia. Id sapiente ipsum maxime id nulla consequatur libero.', 4, '2021-05-30 20:49:28', '2021-05-30 20:49:28'),
(136, 20, 'Natalie Gusikowski', 'Numquam nostrum dolorem ut rem. Dignissimos repellendus cupiditate magni quis. Blanditiis officia nihil consequatur officiis et. Doloribus sit officiis minima soluta est porro.', 4, '2021-05-30 20:49:28', '2021-05-30 20:49:28'),
(137, 18, 'Bo Bailey', 'Temporibus sint et dolorem inventore voluptas velit ad. Molestias eos ut expedita aut amet. Est inventore atque sit tenetur ea nulla.', 1, '2021-05-30 20:49:28', '2021-05-30 20:49:28'),
(138, 29, 'Thad Smith', 'Molestias deleniti voluptatem itaque maxime doloribus quaerat id. Voluptatem suscipit sunt cupiditate ab et similique. Ea est ab sed doloribus voluptatum. Velit tempore repudiandae reprehenderit a.', 2, '2021-05-30 20:49:28', '2021-05-30 20:49:28'),
(139, 8, 'Nettie Mayer', 'In magni voluptatem beatae eius et facere dolores. Neque est qui voluptates. Accusamus sit eos ipsa nisi. Quia commodi quia rem debitis.', 4, '2021-05-30 20:49:28', '2021-05-30 20:49:28'),
(140, 48, 'Jadyn Kuhic', 'Aut voluptatem et excepturi suscipit. Sint impedit quos accusamus et. Nulla perferendis omnis quisquam qui et odit. Laudantium voluptatem et quia magni a accusamus in.', 4, '2021-05-30 20:49:28', '2021-05-30 20:49:28'),
(141, 11, 'Aglae Lubowitz', 'Consequatur quia deleniti vel quia quasi veniam ipsam quisquam. Et aliquam vitae perspiciatis. Dolorum autem quos quaerat dolorem. Qui ullam et non quae facilis nostrum.', 3, '2021-05-30 20:49:28', '2021-05-30 20:49:28'),
(142, 50, 'Alberta Carter I', 'Maxime nesciunt adipisci harum ipsum ea dolore nobis. Ut est quas sint labore blanditiis ullam eum. Temporibus similique et laudantium. Omnis et asperiores quisquam voluptatem.', 5, '2021-05-30 20:49:28', '2021-05-30 20:49:28'),
(143, 27, 'Pierce Lakin III', 'Et aut repellendus corporis quaerat delectus fugit. Veniam minus necessitatibus molestiae doloremque id animi voluptatem ex. Harum est perspiciatis commodi exercitationem. Eveniet qui fuga asperiores beatae mollitia.', 1, '2021-05-30 20:49:28', '2021-05-30 20:49:28'),
(144, 37, 'Thad Nienow', 'Officiis quo laborum quis fugit nostrum. Quasi explicabo qui fugiat est rerum repudiandae repellat. Totam modi et repudiandae.', 2, '2021-05-30 20:49:28', '2021-05-30 20:49:28'),
(145, 32, 'Sally Walker III', 'Magni perferendis qui rerum inventore assumenda et. Et in aut dolor aut sit perspiciatis. Voluptatem voluptate voluptate repellat id iusto placeat similique est.', 2, '2021-05-30 20:49:28', '2021-05-30 20:49:28'),
(146, 11, 'Hettie Sanford PhD', 'Itaque ipsam aperiam vel. Ut ea sit quod repudiandae. Maxime qui itaque accusantium corporis illum.', 5, '2021-05-30 20:49:28', '2021-05-30 20:49:28'),
(147, 1, 'Lorenza Crooks', 'Aperiam iste est porro et. Nemo unde ad totam consequatur aut. Ipsam tempora dicta eius. Reprehenderit voluptatem omnis aut et labore.', 3, '2021-05-30 20:49:28', '2021-05-30 20:49:28'),
(148, 30, 'Kay Harvey III', 'Possimus sed sapiente consequuntur enim omnis omnis ea ut. Laudantium saepe qui vero debitis ratione qui. Quis sequi sunt recusandae beatae consectetur quam. Velit unde facere dolorum. Rerum dolore consectetur qui atque iste suscipit.', 2, '2021-05-30 20:49:28', '2021-05-30 20:49:28'),
(149, 43, 'Dr. Monty O\'Keefe DVM', 'Reiciendis dolor et explicabo veniam. Non voluptatem eum sunt quae odit. Et sint assumenda aliquid totam voluptatibus aut. Illo dolor quae dignissimos eveniet dolorem.', 4, '2021-05-30 20:49:28', '2021-05-30 20:49:28'),
(150, 29, 'Elda Denesik', 'Magni ut aut nisi architecto ratione. Laborum voluptatem voluptas reiciendis laboriosam repudiandae. Praesentium et modi distinctio nisi. Quis tempore voluptatibus aut vel.', 3, '2021-05-30 20:49:28', '2021-05-30 20:49:28'),
(151, 17, 'Flavie Abbott', 'Et rerum consectetur eum quaerat. Incidunt enim explicabo et tempore. Omnis iure rerum aut possimus. Minus ut ea aliquam et sequi omnis omnis temporibus.', 4, '2021-05-30 20:49:28', '2021-05-30 20:49:28'),
(152, 14, 'Gunnar Murazik', 'Et nemo culpa et et architecto. Adipisci fugiat voluptate expedita aut ut itaque voluptatibus omnis. Et doloremque aliquam velit quas quam qui ea rerum. Ab ipsam autem aut tempore aperiam autem.', 5, '2021-05-30 20:49:28', '2021-05-30 20:49:28'),
(153, 50, 'Mr. Wyman Mosciski DVM', 'Nam ex praesentium a. Dolores ut tempora sed qui culpa. Et hic voluptatum rerum placeat sequi et quas. Fugiat laboriosam cum qui ipsa numquam qui consequuntur. Nisi nisi omnis magni ut delectus excepturi.', 0, '2021-05-30 20:49:28', '2021-05-30 20:49:28'),
(154, 31, 'Major Cassin', 'Dignissimos aliquam neque voluptas mollitia nihil. Provident at quia quo repellat. Et facere nulla dolorum ad.', 5, '2021-05-30 20:49:28', '2021-05-30 20:49:28'),
(155, 26, 'Adolphus Fisher', 'In est quasi iure natus quisquam. Culpa non aut rem qui inventore molestiae ratione. Alias accusantium tempora ipsum ullam exercitationem. Eos magni et aspernatur porro quis est.', 4, '2021-05-30 20:49:28', '2021-05-30 20:49:28'),
(156, 3, 'Armand Simonis', 'Provident explicabo aspernatur et laboriosam. Quia non doloremque eos laudantium molestiae est. Perferendis et sit rem quia officiis ab dolores.', 2, '2021-05-30 20:49:28', '2021-05-30 20:49:28'),
(157, 34, 'Guadalupe VonRueden PhD', 'Voluptatem cupiditate laboriosam voluptas suscipit voluptatem quae esse. Sequi iste rerum vel voluptatem quidem illo. Quo esse excepturi ullam doloremque. Laboriosam explicabo excepturi numquam earum adipisci eligendi blanditiis.', 3, '2021-05-30 20:49:28', '2021-05-30 20:49:28'),
(158, 34, 'Berniece Spencer', 'Voluptate dolor a dolor reiciendis. Corporis porro fugiat consequatur. Dignissimos velit sed porro temporibus aperiam. Illo rem iure itaque.', 4, '2021-05-30 20:49:28', '2021-05-30 20:49:28'),
(159, 7, 'Earlene Rodriguez', 'Earum deserunt dolorum et omnis quasi. Explicabo earum impedit nisi odit sed natus. Minus esse impedit inventore autem natus. Voluptas et molestiae ab fugiat sint quis dolorem. Ducimus ducimus assumenda fugit vel impedit.', 2, '2021-05-30 20:49:28', '2021-05-30 20:49:28'),
(160, 38, 'Dr. Daryl Ankunding IV', 'Veritatis nihil harum eum enim sed. Quibusdam nulla dolorem aperiam molestiae dolores et aut. Et illo nisi quas voluptates deleniti hic corporis. Ipsam esse aliquam aut.', 5, '2021-05-30 20:49:28', '2021-05-30 20:49:28'),
(161, 45, 'Mr. Khalil Gutmann I', 'Error tenetur explicabo dolorem itaque impedit magni voluptatum. Veniam ex numquam consequatur. Rerum impedit pariatur quae. Cupiditate repellat officia itaque optio.', 0, '2021-05-30 20:49:28', '2021-05-30 20:49:28'),
(162, 32, 'Jena Howell', 'Harum distinctio rerum ut ratione libero commodi expedita est. Quas quod voluptates eum et corporis est id. Nulla dicta vel sequi voluptatem qui officiis voluptas. Dolor suscipit est autem autem omnis. Omnis accusantium cupiditate dignissimos sequi blanditiis provident enim enim.', 2, '2021-05-30 20:49:28', '2021-05-30 20:49:28'),
(163, 15, 'Georgiana Murphy', 'Doloremque eos rerum excepturi. Illum ipsam ullam quidem inventore quia sit nihil. Quia voluptatem aut vel et non.', 2, '2021-05-30 20:49:28', '2021-05-30 20:49:28'),
(164, 11, 'Matt Huels Sr.', 'Tenetur magni mollitia illum est delectus. Cum accusamus atque et culpa modi. Velit explicabo vel accusantium qui et quis.', 3, '2021-05-30 20:49:28', '2021-05-30 20:49:28'),
(165, 9, 'Howell Feeney', 'Soluta quidem rem necessitatibus neque commodi. Voluptates dolores molestiae temporibus illum mollitia commodi. Sed repellendus quia quasi alias ut ea. Repellendus sed illum quod et sapiente tempora.', 4, '2021-05-30 20:49:28', '2021-05-30 20:49:28'),
(166, 34, 'Rachael Kreiger MD', 'Et distinctio est delectus adipisci ea et. Consequatur rerum unde consequuntur magni. Deserunt officiis quam assumenda eos enim voluptatum. Voluptatem quas pariatur consequatur enim.', 3, '2021-05-30 20:49:28', '2021-05-30 20:49:28'),
(167, 24, 'Dr. Bridget Raynor PhD', 'Qui amet iste odio aut. Officiis minus harum rerum eum corrupti ex voluptatem est. Consequuntur velit voluptas eos nesciunt doloribus iste.', 2, '2021-05-30 20:49:28', '2021-05-30 20:49:28'),
(168, 8, 'Clint Williamson', 'Quam ipsum qui voluptatem fugit in nihil voluptatum perspiciatis. Fugit impedit aliquam qui repellat pariatur. Eius sint nostrum omnis odit voluptas natus eum accusamus. Repudiandae non quia natus quia expedita quae.', 4, '2021-05-30 20:49:28', '2021-05-30 20:49:28'),
(169, 31, 'Mr. Easter Farrell', 'Voluptatem enim error laborum neque optio sequi impedit. Necessitatibus sint sit omnis eum quo quaerat quo porro. Possimus et tempora quis illo.', 5, '2021-05-30 20:49:28', '2021-05-30 20:49:28'),
(170, 45, 'Colton Waelchi', 'Commodi non deleniti iusto veritatis explicabo voluptatem. Voluptas modi officia numquam expedita omnis.', 4, '2021-05-30 20:49:28', '2021-05-30 20:49:28'),
(171, 50, 'Veronica Padberg', 'Error quia voluptatem assumenda labore. Voluptate deleniti asperiores molestiae molestiae corrupti velit ea. Necessitatibus quo nobis quia provident nemo esse.', 5, '2021-05-30 20:49:28', '2021-05-30 20:49:28'),
(172, 16, 'Dr. Randall Bergstrom', 'Facere impedit sit sequi voluptas ex libero consequatur. Eum minus exercitationem id architecto aperiam. Asperiores nemo sequi maiores consectetur modi perferendis consequatur.', 3, '2021-05-30 20:49:28', '2021-05-30 20:49:28'),
(173, 4, 'Celia Moore', 'Officia repellat atque doloribus nobis occaecati. Odio quam magnam ut. Reprehenderit cumque minima ut molestias.', 2, '2021-05-30 20:49:28', '2021-05-30 20:49:28'),
(174, 3, 'Cole Kris', 'Possimus accusamus est maxime voluptatem culpa qui laborum. Ipsum nisi in tempora asperiores qui enim illum. Reprehenderit reiciendis sed sint sed deserunt. Nobis dolorem reiciendis ut omnis.', 2, '2021-05-30 20:49:28', '2021-05-30 20:49:28'),
(175, 48, 'Edna Cummings', 'Eius commodi reiciendis eum magni. Rerum voluptatem assumenda occaecati. Ipsam aut commodi dolores. Eum dolorem autem ea sequi consequatur laudantium.', 1, '2021-05-30 20:49:28', '2021-05-30 20:49:28'),
(176, 1, 'Ms. Lauren Moen', 'Aut suscipit omnis voluptatum accusamus aliquid impedit. Dolorem quidem sit eveniet quia omnis tempore quos. Facilis molestiae quidem voluptate. Soluta ut quasi est quod illo id enim officia.', 1, '2021-05-30 20:49:28', '2021-05-30 20:49:28'),
(177, 17, 'Cale Casper V', 'Qui impedit recusandae et. Et molestiae distinctio ipsum in.', 0, '2021-05-30 20:49:28', '2021-05-30 20:49:28'),
(178, 1, 'Caitlyn Altenwerth', 'Tenetur et rerum ea temporibus nostrum. Architecto voluptatibus quas commodi illo assumenda. Sed et quidem ullam.', 5, '2021-05-30 20:49:28', '2021-05-30 20:49:28'),
(179, 48, 'Wava Kovacek', 'Id veritatis ut labore aut. Ut et similique dolores doloremque neque necessitatibus. Sunt aut accusantium natus qui quia cupiditate quia. Et sed impedit ea ipsum omnis ad.', 3, '2021-05-30 20:49:28', '2021-05-30 20:49:28'),
(180, 42, 'Magnus Bailey', 'Quo quam dolorem et ut eaque aperiam. Ut tenetur est et dolorem nemo itaque rerum. Et officiis esse explicabo odio omnis est commodi sit. Sunt sed deleniti eum aut.', 0, '2021-05-30 20:49:28', '2021-05-30 20:49:28'),
(181, 1, 'Lizzie Davis', 'Sed possimus atque ullam quasi velit officia officia. Praesentium culpa earum consectetur asperiores sed. Aut doloremque enim aliquam neque autem sed repellendus.', 0, '2021-05-30 20:49:28', '2021-05-30 20:49:28'),
(182, 48, 'Zachariah Glover', 'Architecto similique quidem eaque alias. Omnis at in dolore consequuntur occaecati. Alias reprehenderit sapiente tempore vel neque est. Unde sed consectetur ipsa eaque.', 1, '2021-05-30 20:49:28', '2021-05-30 20:49:28'),
(183, 44, 'Dr. Jamie Rogahn', 'Nemo maxime ullam iusto esse sapiente rerum. Sint quisquam perspiciatis et vero similique eaque. Nihil reiciendis qui praesentium consectetur voluptatem. Occaecati ab blanditiis nobis ea non sapiente libero nulla.', 3, '2021-05-30 20:49:28', '2021-05-30 20:49:28'),
(184, 38, 'Ethyl White', 'Voluptates quis accusamus magni in velit quis qui. Tenetur sed amet delectus consequatur. Voluptatum tempore omnis et. Ut aut reiciendis eum sit.', 3, '2021-05-30 20:49:28', '2021-05-30 20:49:28'),
(185, 39, 'Ollie Zboncak', 'Possimus fugiat est assumenda occaecati. Aut incidunt qui eum autem. Vitae nihil reiciendis qui ut.', 3, '2021-05-30 20:49:28', '2021-05-30 20:49:28'),
(186, 19, 'Mr. Reynold Wuckert', 'Magni voluptas culpa alias ducimus. Et atque labore at eveniet saepe ut. Unde sed fugit ipsa est.', 0, '2021-05-30 20:49:28', '2021-05-30 20:49:28'),
(187, 1, 'Richie Green Sr.', 'Alias accusamus aut ad. Consequatur tempore minus sunt quia. Ut ullam numquam omnis libero ut a officia voluptatum.', 4, '2021-05-30 20:49:28', '2021-05-30 20:49:28'),
(188, 47, 'Adam Pagac', 'Veritatis recusandae et qui eaque autem ut quia dolorem. Cum natus inventore soluta aut omnis. Veritatis voluptatem voluptatem voluptatibus est facere iure.', 5, '2021-05-30 20:49:28', '2021-05-30 20:49:28'),
(189, 39, 'Glenda Kemmer', 'Voluptatem amet incidunt sed ut eos qui vel autem. Atque ducimus et dignissimos ipsa. Sed unde dolorem magni quod. Ad tempore fuga tenetur.', 3, '2021-05-30 20:49:28', '2021-05-30 20:49:28'),
(190, 29, 'Prof. Santiago Kulas IV', 'Minima magni laboriosam dolorem ex. Fugiat hic iste iste sequi quae. Minima quas doloremque nostrum expedita consequatur asperiores. Similique possimus similique occaecati labore eos.', 3, '2021-05-30 20:49:28', '2021-05-30 20:49:28'),
(191, 8, 'Prof. Remington Smith', 'Ut velit placeat dolorem possimus beatae sequi eaque. Quae qui laboriosam magni ipsum ullam. Ducimus doloribus ut dolores minima nemo cupiditate.', 1, '2021-05-30 20:49:28', '2021-05-30 20:49:28'),
(192, 37, 'Tania Lemke', 'Quam molestias maiores quaerat. Quibusdam minima architecto nam architecto unde possimus odio. Fugiat architecto deserunt doloribus non corrupti occaecati asperiores distinctio. Corporis ipsa culpa sint incidunt.', 3, '2021-05-30 20:49:28', '2021-05-30 20:49:28'),
(193, 7, 'Roderick Dooley', 'Repellat amet eius non et quo ut aperiam. Velit ea maiores explicabo voluptatem rem et. Nihil voluptatem vero non inventore deleniti.', 4, '2021-05-30 20:49:28', '2021-05-30 20:49:28'),
(194, 30, 'Cindy Swaniawski', 'Ut dolores sequi et ea exercitationem tenetur sequi recusandae. Quia ut accusantium fuga cupiditate ipsam vero. Voluptatum libero omnis quia accusamus asperiores.', 2, '2021-05-30 20:49:28', '2021-05-30 20:49:28'),
(195, 31, 'Miss Isabella Gulgowski MD', 'Adipisci non ad dolor nesciunt aliquid reiciendis reiciendis nihil. Consectetur provident voluptatibus consequatur reiciendis. Nam sit dolore inventore eaque. Rerum laudantium dolorem sapiente reiciendis omnis suscipit esse nisi.', 3, '2021-05-30 20:49:28', '2021-05-30 20:49:28'),
(196, 41, 'Miss Nelda Willms', 'Labore debitis earum temporibus minima eaque eos. Expedita sint voluptatem aspernatur necessitatibus in aliquam. Ea hic ducimus porro id ipsam. Quisquam possimus dolores voluptas quidem.', 5, '2021-05-30 20:49:28', '2021-05-30 20:49:28'),
(197, 49, 'Ryan Hoppe Sr.', 'Fuga suscipit dolor unde quis architecto sit. Voluptatem quia excepturi vel ea. Aut et non fuga distinctio est quae dolorum.', 5, '2021-05-30 20:49:28', '2021-05-30 20:49:28'),
(198, 15, 'Miss Chelsie Hill I', 'Eligendi et omnis et minima qui dolorem. Totam maxime voluptas aperiam nemo ut aut provident. Sunt laudantium eum distinctio sit voluptatem.', 0, '2021-05-30 20:49:28', '2021-05-30 20:49:28'),
(199, 12, 'Duncan Bergnaum Jr.', 'Totam corrupti quibusdam dolorem culpa qui adipisci. Vel consequatur consequatur quas sed. Pariatur pariatur qui qui cumque ullam quo sint.', 2, '2021-05-30 20:49:28', '2021-05-30 20:49:28'),
(200, 28, 'Elissa Stokes', 'Officia vel eos reprehenderit nulla illo ea aut. Nobis temporibus dolores est est non unde nobis. Sint quia eius aliquid non qui. Molestias eius quas nam nesciunt iure aut mollitia.', 0, '2021-05-30 20:49:28', '2021-05-30 20:49:28'),
(201, 33, 'Thea Schroeder', 'Vel dolorum vel quod. Amet alias ut repudiandae maiores. Reiciendis est rem at accusantium qui beatae reiciendis. Qui provident voluptas omnis assumenda.', 0, '2021-05-30 20:49:28', '2021-05-30 20:49:28'),
(202, 21, 'Jamey Nikolaus', 'Quis quia vero exercitationem velit eius et ipsum. Aliquid natus alias quod ut unde inventore omnis recusandae. Asperiores earum suscipit illo dolorum.', 4, '2021-05-30 20:49:28', '2021-05-30 20:49:28'),
(203, 37, 'Dr. Gabe DuBuque Jr.', 'Recusandae id ea optio quaerat in. Laudantium recusandae harum sunt ipsam cumque dolor possimus.', 2, '2021-05-30 20:49:28', '2021-05-30 20:49:28'),
(204, 1, 'Nicklaus Hand', 'Ut quia ea quia nostrum quibusdam velit. Qui voluptates odit velit tempora at. Ipsum nostrum rerum molestiae fugit commodi cumque. Architecto ex ad mollitia.', 0, '2021-05-30 20:49:28', '2021-05-30 20:49:28'),
(205, 44, 'Mr. Fidel Terry', 'Esse aut sit quam eligendi. Ut aut debitis voluptates sapiente velit. Vel reiciendis nisi deleniti voluptatem. Aliquam sed dolor voluptas non.', 0, '2021-05-30 20:49:28', '2021-05-30 20:49:28'),
(206, 29, 'Laverna Davis', 'Voluptates eveniet et facilis quam. Iure at omnis sunt velit esse. Ut ea vel eligendi et quaerat nam.', 5, '2021-05-30 20:49:28', '2021-05-30 20:49:28'),
(207, 12, 'Cale Hayes III', 'Culpa maiores ut deserunt veritatis beatae et repellat. Odit sint id corporis est incidunt asperiores. Sint et molestias et facilis dignissimos sunt libero.', 3, '2021-05-30 20:49:28', '2021-05-30 20:49:28'),
(208, 25, 'Kailey Kling', 'Autem ullam est nihil nobis ut. Blanditiis omnis nihil odio sint et.', 2, '2021-05-30 20:49:28', '2021-05-30 20:49:28');
INSERT INTO `reviews` (`id`, `product_id`, `customer`, `review`, `star`, `created_at`, `updated_at`) VALUES
(209, 44, 'Bettye Champlin', 'Aut recusandae neque voluptas maiores odio. Cupiditate fugiat omnis ex omnis.', 0, '2021-05-30 20:49:28', '2021-05-30 20:49:28'),
(210, 48, 'Ansley Nitzsche', 'Libero perspiciatis aut consequatur. Saepe doloremque voluptatibus reprehenderit esse reprehenderit nisi. Omnis voluptates ea facilis ratione adipisci vitae ex. Sed ut aut magni ut.', 1, '2021-05-30 20:49:28', '2021-05-30 20:49:28'),
(211, 30, 'Enrico Prohaska', 'Similique id rem nihil est provident voluptatibus voluptas. Consequuntur consequatur maiores ducimus nemo. Dolores dolorem quia vero sed suscipit ex.', 5, '2021-05-30 20:49:28', '2021-05-30 20:49:28'),
(212, 9, 'Dr. Casimir McCullough', 'In soluta quidem fugit et eos nemo fugiat quasi. Id esse quasi odit. Dolor aliquid totam maxime laborum. Expedita ipsam dolorum eos voluptate et hic praesentium.', 5, '2021-05-30 20:49:28', '2021-05-30 20:49:28'),
(213, 36, 'Abigale Dickinson', 'Dolorum id tempora qui maiores voluptatum et eum unde. Eos alias maxime accusamus eos et. Quis culpa quia ad veniam in.', 5, '2021-05-30 20:49:29', '2021-05-30 20:49:29'),
(214, 13, 'Cordelia Kessler', 'Saepe et alias fugit autem soluta. Sapiente debitis nihil id aut consequatur autem. Tenetur expedita id ut et nulla aut et.', 4, '2021-05-30 20:49:29', '2021-05-30 20:49:29'),
(215, 29, 'Mr. Marcelino Parker', 'Ut id suscipit excepturi aperiam. Hic ea ut qui nulla accusantium. Odit provident dignissimos repudiandae explicabo voluptatem voluptas. Ipsum distinctio quia dolores adipisci error consequuntur.', 0, '2021-05-30 20:49:29', '2021-05-30 20:49:29'),
(216, 25, 'Grady Bergstrom', 'Non qui eveniet eum dolorem. Molestiae ut quasi sapiente eveniet commodi.', 3, '2021-05-30 20:49:29', '2021-05-30 20:49:29'),
(217, 1, 'Ahmad Block', 'Assumenda qui dolor aut sed eligendi. Delectus incidunt architecto ut laborum. Deleniti adipisci iure illum maiores aut. Illo eaque voluptatem quia fugit.', 0, '2021-05-30 20:49:29', '2021-05-30 20:49:29'),
(218, 37, 'Ms. Joelle Kemmer I', 'Autem laboriosam aut suscipit. Animi tempore autem et aperiam consequuntur. Ea perspiciatis quasi quis. Occaecati magni consequatur aspernatur voluptas.', 1, '2021-05-30 20:49:29', '2021-05-30 20:49:29'),
(219, 3, 'Mrs. Alene Buckridge IV', 'Quas voluptas asperiores quasi maiores id asperiores rem deleniti. Ut facere laudantium temporibus cumque aut omnis. Non sit et sed accusantium magnam voluptatem exercitationem est.', 4, '2021-05-30 20:49:29', '2021-05-30 20:49:29'),
(220, 14, 'Treva Collins', 'Modi mollitia aut voluptatem mollitia temporibus soluta. Maiores vitae quo omnis.', 3, '2021-05-30 20:49:29', '2021-05-30 20:49:29'),
(221, 16, 'Tremaine Reilly', 'Non omnis dolores est rerum sint. Nam vero facere aut ut eveniet ut libero est. Eos nam non nemo doloribus ullam aut. Tempore qui officia aliquid soluta assumenda qui. Ipsam eos nemo et ea.', 3, '2021-05-30 20:49:29', '2021-05-30 20:49:29'),
(222, 5, 'Pedro Bartell', 'Incidunt voluptatem minima molestiae et facere sunt. Nostrum distinctio repellendus vel iste. Consectetur qui nihil dolores sed. Harum assumenda esse qui numquam laudantium fugit.', 1, '2021-05-30 20:49:29', '2021-05-30 20:49:29'),
(223, 36, 'Prof. Hortense Conroy IV', 'Corporis numquam rerum esse at aliquid. Consequatur omnis in quia qui. Quia id quia veritatis fugit quisquam.', 4, '2021-05-30 20:49:29', '2021-05-30 20:49:29'),
(224, 17, 'Sandra Kertzmann PhD', 'Suscipit atque nihil deserunt fugit quia provident. Et et minus qui vel. Itaque nobis cum debitis dignissimos doloribus eum.', 0, '2021-05-30 20:49:29', '2021-05-30 20:49:29'),
(225, 46, 'Mrs. Evelyn Stark IV', 'Dolorum expedita voluptas necessitatibus nobis veniam similique. Facilis aspernatur autem et. Eaque molestias molestias id quibusdam et et necessitatibus. Maiores eius rerum non ullam.', 5, '2021-05-30 20:49:29', '2021-05-30 20:49:29'),
(226, 1, 'Ms. Lizeth Casper', 'Voluptate sunt et quisquam sed a. Pariatur architecto minima aliquam et omnis. Sed repellendus quaerat sed harum et tenetur quas assumenda. Aliquid est dolorem consectetur dolorum aut. Architecto officia quam tempore qui.', 5, '2021-05-30 20:49:29', '2021-05-30 20:49:29'),
(227, 14, 'Prof. Tate Zboncak', 'Qui et officia rerum quibusdam tempora illo voluptatem. Provident quo nihil perferendis deserunt sed nostrum magnam. Voluptatem enim voluptatem quae itaque ipsum. Assumenda eligendi quibusdam sint vel.', 2, '2021-05-30 20:49:29', '2021-05-30 20:49:29'),
(228, 40, 'Prof. Geovanny Wiza', 'Quia ratione et alias dolor a dolore. Debitis voluptatem alias mollitia itaque. Aliquid quod et numquam repellat delectus quaerat quaerat.', 1, '2021-05-30 20:49:29', '2021-05-30 20:49:29'),
(229, 33, 'Rhiannon Littel', 'Quasi omnis ut accusamus voluptas aut est. Quia vero eos eum molestiae quo suscipit mollitia quos.', 3, '2021-05-30 20:49:29', '2021-05-30 20:49:29'),
(230, 3, 'Hayley Halvorson', 'Quae est et id. Porro vel voluptas sequi exercitationem est officia eos. Fugit nihil in temporibus ut sed voluptate. Aut impedit quia a cum et non.', 4, '2021-05-30 20:49:29', '2021-05-30 20:49:29'),
(231, 25, 'Josephine Kub', 'Distinctio adipisci consectetur debitis possimus non. Dolorum aut minima modi enim aut veniam. Ipsa atque maiores autem eius iure incidunt optio.', 0, '2021-05-30 20:49:29', '2021-05-30 20:49:29'),
(232, 28, 'Genesis Turner DVM', 'Itaque quo quasi dolor nesciunt quam rerum id. Nesciunt qui ducimus itaque. Pariatur aut nesciunt at nihil esse.', 2, '2021-05-30 20:49:29', '2021-05-30 20:49:29'),
(233, 23, 'Seth Schmidt', 'Impedit mollitia aut est corrupti. Vero totam qui officiis molestiae quam in qui. Veniam quia enim et dolor ut.', 1, '2021-05-30 20:49:29', '2021-05-30 20:49:29'),
(234, 21, 'Elinore Johns', 'Libero expedita distinctio magnam aperiam. Doloremque labore et nesciunt sint est vel. Et fugiat facere a ab doloribus nisi.', 5, '2021-05-30 20:49:29', '2021-05-30 20:49:29'),
(235, 5, 'Stacy Bernhard', 'Dolorem maxime et aliquid atque. Nobis laborum quis ex velit libero aut facere porro. Aliquam adipisci quae iusto illo eligendi tempore tempore. Voluptatem est quasi aut quae fuga.', 5, '2021-05-30 20:49:29', '2021-05-30 20:49:29'),
(236, 40, 'Angel Purdy', 'Voluptatibus ducimus optio quod mollitia illum aut. Earum occaecati placeat veniam voluptatem. Corporis iure aut dolor.', 1, '2021-05-30 20:49:29', '2021-05-30 20:49:29'),
(237, 12, 'Miss Emmanuelle Thompson', 'Quod ullam culpa molestiae dicta enim veniam. Animi sit quas et eum eos delectus repellat. Praesentium voluptatibus sed qui in repellendus. Occaecati nemo et ipsum est.', 1, '2021-05-30 20:49:29', '2021-05-30 20:49:29'),
(238, 50, 'Sibyl Jerde', 'Eos corporis et quod repudiandae totam exercitationem quia. Minima in cum dolores molestiae qui voluptatem quia. Asperiores perspiciatis maiores porro expedita. Natus enim esse earum et.', 2, '2021-05-30 20:49:29', '2021-05-30 20:49:29'),
(239, 41, 'Lenna Reichert', 'Nihil saepe natus qui nostrum voluptatibus mollitia voluptatibus. Neque et eum minima ut velit aut mollitia. Aut praesentium voluptates est et eaque veniam.', 3, '2021-05-30 20:49:29', '2021-05-30 20:49:29'),
(240, 45, 'Dr. Robyn Boyle PhD', 'Eos itaque quaerat et et sapiente dicta vel. Doloremque corporis quia hic est sit id ipsum aut. Expedita consequatur neque sint. Doloribus corporis iure architecto magnam.', 2, '2021-05-30 20:49:29', '2021-05-30 20:49:29'),
(241, 22, 'Dr. Ephraim Cruickshank', 'Qui sed et eos aut qui. Omnis non modi voluptate molestiae reiciendis voluptatem. Harum aut autem aut ut non laudantium delectus. Quae asperiores illum dolorem. Officia nobis et soluta numquam.', 5, '2021-05-30 20:49:29', '2021-05-30 20:49:29'),
(242, 18, 'Ms. Margot Sawayn', 'Voluptatem qui optio beatae. Aut vitae sit accusantium est. Est reprehenderit et voluptate eveniet quae quas corporis. Sed aut fuga rerum autem nulla ipsa quam dignissimos.', 5, '2021-05-30 20:49:29', '2021-05-30 20:49:29'),
(243, 46, 'Leonie Littel I', 'A quia eum consectetur. Dolor deserunt libero error nostrum nulla consequatur. Sit nesciunt suscipit aut.', 3, '2021-05-30 20:49:29', '2021-05-30 20:49:29'),
(244, 24, 'Mrs. Orpha Tromp', 'Quis ipsa et et unde sequi quisquam impedit. Eos dolor et quo. Doloremque vitae autem temporibus placeat.', 2, '2021-05-30 20:49:29', '2021-05-30 20:49:29'),
(245, 36, 'Westley Paucek', 'Dolorem quidem porro qui quo enim qui. Impedit eos quis et minus aut.', 0, '2021-05-30 20:49:29', '2021-05-30 20:49:29'),
(246, 13, 'Gavin Schroeder III', 'Iste neque officia id in. Aut vel vel beatae rerum. Dolores voluptas minima rerum. Architecto sit eius id sequi et id.', 2, '2021-05-30 20:49:29', '2021-05-30 20:49:29'),
(247, 48, 'Lauryn Daniel III', 'Ad a exercitationem expedita. Dolores nostrum sint et corporis ut rerum tenetur. Dolores et deleniti eaque. Maxime esse ut ipsum sed eum.', 0, '2021-05-30 20:49:29', '2021-05-30 20:49:29'),
(248, 37, 'Lupe Renner', 'Ex aut accusantium rerum magnam magni explicabo ullam. Ut sapiente ad repellat corporis. Magni adipisci quis aut ducimus aperiam ea et ex.', 4, '2021-05-30 20:49:29', '2021-05-30 20:49:29'),
(249, 38, 'Mr. Ricky Johns', 'Dolores sit omnis saepe. Et facilis suscipit iusto consequatur corporis. Velit similique quia alias qui ipsa laudantium earum. Ipsa sapiente aperiam minus et illo autem voluptas.', 4, '2021-05-30 20:49:29', '2021-05-30 20:49:29'),
(250, 18, 'Amber Stark', 'Aut sint nemo eligendi ullam vel. Quia delectus natus consequatur maxime. Vel inventore ipsum minus repellat harum rerum dolorum. Ratione natus quia nemo.', 5, '2021-05-30 20:49:29', '2021-05-30 20:49:29'),
(251, 48, 'Sydney Turner', 'Odio et eligendi totam dolores odit. Inventore sint quam odio maiores.', 2, '2021-05-30 20:49:29', '2021-05-30 20:49:29'),
(252, 7, 'Dr. Maddison Waelchi', 'Voluptas quo aut et expedita. Eaque quae aut eveniet sequi voluptas tempora.', 2, '2021-05-30 20:49:29', '2021-05-30 20:49:29'),
(253, 39, 'Miss Justine Dach Sr.', 'Delectus eveniet est vel sunt magnam ut tempora ducimus. Quos laboriosam et eum architecto ratione incidunt. Modi voluptatem minus ab dolorum. Itaque nihil aut voluptatem fuga.', 0, '2021-05-30 20:49:29', '2021-05-30 20:49:29'),
(254, 26, 'Marian Stoltenberg', 'Quae voluptatem quaerat alias qui magnam hic accusantium. Totam doloribus deleniti eum numquam ab. Cumque non deleniti quaerat quo. Et ducimus vel eum sint.', 5, '2021-05-30 20:49:29', '2021-05-30 20:49:29'),
(255, 49, 'Dr. Kristina Gleichner', 'Repellat debitis nihil voluptatum et doloremque et cumque. Sed a culpa quis alias ea dolore. Labore quo esse iusto suscipit unde et.', 1, '2021-05-30 20:49:29', '2021-05-30 20:49:29'),
(256, 12, 'Randall Gutmann', 'Ut possimus dolor nobis nisi est ratione voluptatem. Dolor eligendi voluptatum consectetur quia similique. Natus debitis doloremque ipsa est.', 5, '2021-05-30 20:49:29', '2021-05-30 20:49:29'),
(257, 39, 'Ms. Lulu Leffler DVM', 'Consectetur modi quisquam asperiores dolorum et odit officia. Recusandae quos cumque occaecati tenetur sint ea id. Rerum ipsum quibusdam nesciunt animi. Nobis magni sit et soluta eveniet sint.', 3, '2021-05-30 20:49:29', '2021-05-30 20:49:29'),
(258, 8, 'Junius Nolan', 'Expedita sunt dicta possimus iste. Minima et ipsa sint consequatur nihil voluptatum minima. Ea optio sunt eligendi temporibus eos repudiandae.', 1, '2021-05-30 20:49:29', '2021-05-30 20:49:29'),
(259, 15, 'Holly Klein', 'Voluptatem quos doloremque corporis corrupti. Modi voluptas totam molestiae voluptatem similique quia. In qui sed commodi dolores asperiores occaecati. Doloremque explicabo in deleniti.', 5, '2021-05-30 20:49:29', '2021-05-30 20:49:29'),
(260, 50, 'Queen Hintz', 'Rerum qui non deserunt omnis eveniet. Voluptatum inventore nulla commodi ut rerum eaque nam. Laborum ut temporibus totam aperiam mollitia et sit.', 0, '2021-05-30 20:49:29', '2021-05-30 20:49:29'),
(261, 47, 'Edna Schaden', 'Vitae vitae cupiditate illo aliquam. Et odit ipsum non voluptatem nemo error nihil nam. Eos est eum qui ipsam neque fugiat et. Adipisci velit a cupiditate et ullam nam.', 5, '2021-05-30 20:49:29', '2021-05-30 20:49:29'),
(262, 2, 'Unique Rowe', 'Enim aut maiores omnis repellat placeat. Iusto consequuntur qui dolorem enim ipsa ut. Quisquam repellat amet qui quis est possimus debitis. Totam quisquam unde iusto iste ut debitis.', 5, '2021-05-30 20:49:29', '2021-05-30 20:49:29'),
(263, 4, 'Caleigh Thiel Sr.', 'Dolorem veniam ut officiis aliquam. Quasi est voluptate rerum ab dicta. Quos expedita reprehenderit dolor aut voluptatum aliquid aperiam totam.', 2, '2021-05-30 20:49:29', '2021-05-30 20:49:29'),
(264, 34, 'Angelo O\'Conner', 'Porro fugiat ipsum delectus. Autem debitis nesciunt sunt soluta itaque nisi architecto quis. Amet blanditiis vitae itaque non sint et esse. Impedit aut sit ullam dignissimos in odit maiores.', 1, '2021-05-30 20:49:29', '2021-05-30 20:49:29'),
(265, 39, 'Sonia Schmitt', 'Dolor dolores excepturi est. Quibusdam veniam voluptatibus aut reprehenderit velit. Aliquid eligendi hic itaque recusandae sunt. Repellendus quis aut vel iste. Est aliquam ut illum.', 0, '2021-05-30 20:49:29', '2021-05-30 20:49:29'),
(266, 20, 'Dr. Jarod Lehner', 'Et quia voluptatibus repudiandae quos. Est saepe quasi numquam qui expedita qui. Iste nemo voluptatum et quis ut. Sunt praesentium aut laudantium non. Et hic ea aliquid veritatis.', 4, '2021-05-30 20:49:29', '2021-05-30 20:49:29'),
(267, 43, 'Fern Jast', 'Id sapiente autem accusantium magni. Officiis ex nemo nisi est qui modi similique. Voluptatem debitis maxime perferendis possimus.', 3, '2021-05-30 20:49:29', '2021-05-30 20:49:29'),
(268, 25, 'Dr. Camilla King Sr.', 'Sit voluptatem repudiandae quae magnam labore hic tempora. Quaerat dolor non quis sed. Necessitatibus excepturi omnis aliquid perspiciatis. Enim quod quis voluptas dicta fugit.', 5, '2021-05-30 20:49:29', '2021-05-30 20:49:29'),
(269, 26, 'Aurelio Lockman', 'Voluptatum ipsam rerum doloribus maiores est debitis et. Hic molestias ipsa id quis. Deserunt veniam asperiores ducimus earum eum ut. Reprehenderit veniam repellat qui nemo animi eum.', 5, '2021-05-30 20:49:29', '2021-05-30 20:49:29'),
(270, 7, 'Dr. Dorcas Kuvalis', 'Aspernatur laborum porro beatae. Vero est quo sequi quasi eos. Alias iusto a corrupti qui. Repellat quae optio deserunt vel repellendus.', 2, '2021-05-30 20:49:29', '2021-05-30 20:49:29'),
(271, 43, 'Brook McLaughlin', 'Atque delectus et atque consequatur a. Minus ut eos consectetur unde. Qui ut ut reprehenderit dolor. Nostrum quibusdam delectus qui vel cum. Corporis sint nulla adipisci sint qui.', 4, '2021-05-30 20:49:29', '2021-05-30 20:49:29'),
(272, 16, 'Cornell Tremblay', 'Facilis mollitia quisquam esse. Maxime illum et autem commodi ipsum. Suscipit nostrum minus repellat dolorem maxime deleniti asperiores dolorem.', 0, '2021-05-30 20:49:29', '2021-05-30 20:49:29'),
(273, 2, 'Anabelle Ondricka', 'Consequatur quis eius consequatur laboriosam provident placeat ullam qui. Sed rerum qui est dolor dolores voluptatem labore nihil.', 0, '2021-05-30 20:49:29', '2021-05-30 20:49:29'),
(274, 18, 'Arnulfo Johnston', 'Dolore assumenda dolorem fugiat rerum sequi et. Qui deserunt dolores ea et voluptates tenetur. Quisquam nisi amet maiores blanditiis enim.', 0, '2021-05-30 20:49:29', '2021-05-30 20:49:29'),
(275, 38, 'Raphaelle Crist', 'Inventore dolorem officiis aut illo nihil sit id. Voluptatibus rem rerum autem fugit. Totam reprehenderit non quisquam sit doloremque.', 4, '2021-05-30 20:49:29', '2021-05-30 20:49:29'),
(276, 41, 'Vinnie Wolf', 'Inventore occaecati neque perspiciatis eius rerum voluptas. Neque et voluptatem ut asperiores quia et iusto dolores.', 3, '2021-05-30 20:49:29', '2021-05-30 20:49:29'),
(277, 29, 'Anderson Runolfsdottir', 'Nam provident minus autem architecto. Molestias dolores totam ab ut ratione natus sed. Quis doloribus dolorum distinctio voluptatem.', 0, '2021-05-30 20:49:29', '2021-05-30 20:49:29'),
(278, 3, 'Adaline Russel', 'Ut aut modi suscipit quasi. Amet dolore id dolores et in. Est rem asperiores id aut dignissimos sint suscipit.', 2, '2021-05-30 20:49:29', '2021-05-30 20:49:29'),
(279, 19, 'Prof. Tristin Shields PhD', 'Quod ipsum magni error quia. Suscipit voluptas ducimus est sed deserunt. Ipsam possimus nam itaque dolor voluptatem quis id.', 4, '2021-05-30 20:49:29', '2021-05-30 20:49:29'),
(280, 6, 'Mazie Kiehn III', 'Maiores et quia dolor. Esse aut modi repudiandae neque voluptatum eveniet aut quis. Vel doloribus ea sed id est sed iste. Error quia quia expedita inventore error.', 4, '2021-05-30 20:49:29', '2021-05-30 20:49:29'),
(281, 1, 'Cassandra Wiegand', 'Et temporibus facere maxime rerum sint deserunt. Ut excepturi quaerat velit. Vel reprehenderit quo sunt qui quaerat.', 1, '2021-05-30 20:49:29', '2021-05-30 20:49:29'),
(282, 4, 'Sigurd Lind I', 'Cum eos sit est minima. Dolores laborum ex eum dolore quasi ut ea adipisci. Iure cum dolores esse aut. Et asperiores qui molestias dolor in ullam. Ea provident soluta rerum tenetur autem molestiae excepturi.', 1, '2021-05-30 20:49:29', '2021-05-30 20:49:29'),
(283, 12, 'Lue Hyatt', 'Possimus atque dolores neque ut esse facere. Aut blanditiis culpa mollitia saepe ea. Delectus et at ad quia eos impedit minima.', 0, '2021-05-30 20:49:29', '2021-05-30 20:49:29'),
(284, 37, 'Prof. Tod Howe', 'Similique quo nam et. Asperiores repellendus corporis laborum quibusdam. Omnis nesciunt recusandae est quo tempora. Eos similique consequuntur animi velit enim maxime praesentium perspiciatis.', 5, '2021-05-30 20:49:29', '2021-05-30 20:49:29'),
(285, 28, 'Mr. Sim Upton IV', 'Optio quae quisquam labore et consequatur. Iusto doloribus et voluptas voluptas. Animi omnis quis architecto et nulla.', 4, '2021-05-30 20:49:29', '2021-05-30 20:49:29'),
(286, 3, 'Dillan Gorczany', 'Ex in dicta eos rem ut a. Consequatur ea autem et perspiciatis ipsa qui est. Error architecto deserunt nihil ea illum totam sit adipisci.', 3, '2021-05-30 20:49:29', '2021-05-30 20:49:29'),
(287, 5, 'Dr. Earnestine Hayes', 'Non ea explicabo veritatis deserunt. Neque eum iste debitis ex. Voluptatem sit et officia tenetur blanditiis aut.', 0, '2021-05-30 20:49:29', '2021-05-30 20:49:29'),
(288, 45, 'Prof. Nora Mills MD', 'Fugiat dolorem ab eos dolores. Laborum voluptas provident laborum optio voluptates sed quae. Praesentium vitae cum et ut ut delectus omnis ea. Ab dolores harum qui. Ut aut culpa quia dolores quas.', 5, '2021-05-30 20:49:29', '2021-05-30 20:49:29'),
(289, 41, 'Kayli Zulauf', 'Aliquam eveniet qui sit fuga ut est ipsa. Ratione ipsam cupiditate eum omnis eum sed. Eos enim eos corrupti labore totam.', 3, '2021-05-30 20:49:29', '2021-05-30 20:49:29'),
(290, 3, 'Adah Torphy', 'Voluptas qui id numquam dicta voluptatibus. Rerum aspernatur cupiditate fugit et facere.', 2, '2021-05-30 20:49:29', '2021-05-30 20:49:29'),
(291, 42, 'Prof. Keanu Wiegand PhD', 'Ipsum velit facilis quia voluptas consequatur ut. Dolor eveniet voluptates sit ut. Nisi non ad magni ut. Fuga rerum accusamus sit qui ipsa dolorum ut.', 3, '2021-05-30 20:49:29', '2021-05-30 20:49:29'),
(292, 39, 'Catherine Lang PhD', 'Molestiae eveniet et quae laudantium sit repudiandae repudiandae. Ducimus dolorem velit corporis qui esse.', 4, '2021-05-30 20:49:29', '2021-05-30 20:49:29'),
(293, 2, 'Holly Cartwright', 'Ut blanditiis ut non ut. Et reiciendis et quas rem in ab reiciendis dolor. Et perferendis ex laboriosam et. Ipsa accusamus tempora reiciendis.', 5, '2021-05-30 20:49:29', '2021-05-30 20:49:29'),
(294, 25, 'Maiya Mitchell', 'Illo quod ut laboriosam consequatur itaque pariatur. Dolor ratione quidem laborum ut delectus ea. Architecto officia itaque incidunt repudiandae. Natus perferendis sed maiores excepturi.', 2, '2021-05-30 20:49:29', '2021-05-30 20:49:29'),
(295, 5, 'Eunice Murray', 'Ex doloribus sit a alias maiores dolorem et. Delectus voluptatum vitae voluptatum eum. Sequi delectus perspiciatis minima officiis quos.', 3, '2021-05-30 20:49:29', '2021-05-30 20:49:29'),
(296, 40, 'Mr. Savion Satterfield V', 'Et architecto non voluptas sed. Odit iure et aliquam molestiae. Qui rem deserunt id iure autem ea fuga.', 5, '2021-05-30 20:49:29', '2021-05-30 20:49:29'),
(297, 38, 'Dr. Denis Rice Sr.', 'Nisi corporis veritatis itaque et molestiae atque. Sapiente et porro voluptatem. Voluptatibus cupiditate animi omnis voluptates et necessitatibus totam. Optio vitae consectetur omnis.', 2, '2021-05-30 20:49:29', '2021-05-30 20:49:29'),
(298, 16, 'Terrance Morissette', 'Et nostrum explicabo id. Quidem facilis nemo culpa tenetur eveniet. Ut ipsam pariatur perferendis similique voluptatum id rerum. Nulla et eum eos modi ut et nobis.', 4, '2021-05-30 20:49:29', '2021-05-30 20:49:29'),
(299, 23, 'Zakary Howe', 'Reprehenderit nostrum iusto enim cum quo quia quia. Ut maiores non hic et. Doloribus blanditiis et reprehenderit alias rerum.', 4, '2021-05-30 20:49:29', '2021-05-30 20:49:29'),
(300, 4, 'Prof. Garnett Kunde', 'Quia laudantium quisquam pariatur inventore odio harum velit. Libero enim tenetur suscipit facere. Perferendis molestiae quasi magni mollitia magni ut et.', 2, '2021-05-30 20:49:29', '2021-05-30 20:49:29');

-- --------------------------------------------------------

--
-- Table structure for table `users`
--

CREATE TABLE `users` (
  `id` int(10) UNSIGNED NOT NULL,
  `name` varchar(255) COLLATE utf8mb4_unicode_ci NOT NULL,
  `email` varchar(255) COLLATE utf8mb4_unicode_ci NOT NULL,
  `password` varchar(255) COLLATE utf8mb4_unicode_ci NOT NULL,
  `remember_token` varchar(100) COLLATE utf8mb4_unicode_ci DEFAULT NULL,
  `created_at` timestamp NULL DEFAULT NULL,
  `updated_at` timestamp NULL DEFAULT NULL
) ENGINE=InnoDB DEFAULT CHARSET=utf8mb4 COLLATE=utf8mb4_unicode_ci;

--
-- Dumping data for table `users`
--

INSERT INTO `users` (`id`, `name`, `email`, `password`, `remember_token`, `created_at`, `updated_at`) VALUES
(1, 'Adeleke Hammed', 'lekhad19@gmail.com', '$2y$10$kMA/jhgyJRcWOqLdmaWWmuCZj5pDMD9pdJjM7eRa4yp4HnO81fVpi', NULL, '2021-06-05 10:12:21', '2021-06-05 10:12:21');

--
-- Indexes for dumped tables
--

--
-- Indexes for table `migrations`
--
ALTER TABLE `migrations`
  ADD PRIMARY KEY (`id`);

--
-- Indexes for table `oauth_access_tokens`
--
ALTER TABLE `oauth_access_tokens`
  ADD PRIMARY KEY (`id`),
  ADD KEY `oauth_access_tokens_user_id_index` (`user_id`);

--
-- Indexes for table `oauth_auth_codes`
--
ALTER TABLE `oauth_auth_codes`
  ADD PRIMARY KEY (`id`);

--
-- Indexes for table `oauth_clients`
--
ALTER TABLE `oauth_clients`
  ADD PRIMARY KEY (`id`),
  ADD KEY `oauth_clients_user_id_index` (`user_id`);

--
-- Indexes for table `oauth_personal_access_clients`
--
ALTER TABLE `oauth_personal_access_clients`
  ADD PRIMARY KEY (`id`),
  ADD KEY `oauth_personal_access_clients_client_id_index` (`client_id`);

--
-- Indexes for table `oauth_refresh_tokens`
--
ALTER TABLE `oauth_refresh_tokens`
  ADD PRIMARY KEY (`id`),
  ADD KEY `oauth_refresh_tokens_access_token_id_index` (`access_token_id`);

--
-- Indexes for table `password_resets`
--
ALTER TABLE `password_resets`
  ADD KEY `password_resets_email_index` (`email`);

--
-- Indexes for table `products`
--
ALTER TABLE `products`
  ADD PRIMARY KEY (`id`);

--
-- Indexes for table `reviews`
--
ALTER TABLE `reviews`
  ADD PRIMARY KEY (`id`),
  ADD KEY `reviews_product_id_index` (`product_id`);

--
-- Indexes for table `users`
--
ALTER TABLE `users`
  ADD PRIMARY KEY (`id`),
  ADD UNIQUE KEY `users_email_unique` (`email`);

--
-- AUTO_INCREMENT for dumped tables
--

--
-- AUTO_INCREMENT for table `migrations`
--
ALTER TABLE `migrations`
  MODIFY `id` int(10) UNSIGNED NOT NULL AUTO_INCREMENT, AUTO_INCREMENT=22;

--
-- AUTO_INCREMENT for table `oauth_clients`
--
ALTER TABLE `oauth_clients`
  MODIFY `id` int(10) UNSIGNED NOT NULL AUTO_INCREMENT, AUTO_INCREMENT=3;

--
-- AUTO_INCREMENT for table `oauth_personal_access_clients`
--
ALTER TABLE `oauth_personal_access_clients`
  MODIFY `id` int(10) UNSIGNED NOT NULL AUTO_INCREMENT, AUTO_INCREMENT=2;

--
-- AUTO_INCREMENT for table `products`
--
ALTER TABLE `products`
  MODIFY `id` int(10) UNSIGNED NOT NULL AUTO_INCREMENT, AUTO_INCREMENT=51;

--
-- AUTO_INCREMENT for table `reviews`
--
ALTER TABLE `reviews`
  MODIFY `id` int(10) UNSIGNED NOT NULL AUTO_INCREMENT, AUTO_INCREMENT=301;

--
-- AUTO_INCREMENT for table `users`
--
ALTER TABLE `users`
  MODIFY `id` int(10) UNSIGNED NOT NULL AUTO_INCREMENT, AUTO_INCREMENT=2;

--
-- Constraints for dumped tables
--

--
-- Constraints for table `reviews`
--
ALTER TABLE `reviews`
  ADD CONSTRAINT `reviews_product_id_foreign` FOREIGN KEY (`product_id`) REFERENCES `products` (`id`) ON DELETE CASCADE;
COMMIT;

/*!40101 SET CHARACTER_SET_CLIENT=@OLD_CHARACTER_SET_CLIENT */;
/*!40101 SET CHARACTER_SET_RESULTS=@OLD_CHARACTER_SET_RESULTS */;
/*!40101 SET COLLATION_CONNECTION=@OLD_COLLATION_CONNECTION */;
